audit_id,virus_name_species,family,ictv_refseq_accession,type_material_source,isolation_used_culture,cpe_as_assertion,serum_or_dual_media_stated,sequence_from_that_isolate,entered_public_db,risk_path,notes,urls
P3T001,Poliovirus 1 Mahoney (Enterovirus C),Picornaviridae,ICTV typical member V01149; Enterovirus coxsackiepol,Historical laboratory/prototype strain; ICTV Picornaviridae report lists poliovirus 1 Mahoney (V01149) as typical member (year: genome deposit era ~1980s; isolation decades earlier),yes,yes,unclear,yes,GenBank/RefSeq V01149,high,Classic CPE-culture lineage. ICTV: typical member poliovirus 1 Mahoney (V01149). Culture/CPE foundational to poliovirus Isolation history (Enders/Weller/Robbins era). Serum recipe for original type material not verified here.,https://ictv.global/report/chapter/picornaviridae/picornaviridae ; https://www.ncbi.nlm.nih.gov/nuccore/V01149
P3T002,Measles morbillivirus Edmonston,Paramyxoviridae,NC_001498; GenBank K01711 (Edmonston),Enders & Peebles 1954 Proc Soc Exp Biol Med 86:277-286 (PMID 13177653); ATCC VR-24,yes,yes,unclear,yes,RefSeq NC_001498; GenBank K01711,high,Blood → human/simian kidney culture; CPE (syncytial giant cells) asserted as isolation endpoint. Edmonston is archetype culture→CPE→later sequence inheritance case.,https://pubmed.ncbi.nlm.nih.gov/13177653/ ; https://www.atcc.org/products/vr-24 ; https://www.ncbi.nlm.nih.gov/nuccore/NC_001498.1
P3T003,Human alphaherpesvirus 1 strain 17 (HSV-1),Herpesviridae,NC_001806.2 (identical GenBank JN555585),"Lab/reference strain collected prior to 1972 (Ruchill Hospital, Glasgow; collected_by C.A.C. Ross per RefSeq source note)",yes,yes,unclear,yes,RefSeq NC_001806.2,high,Standard HSV-1 reference; propagated in cultured cells; CPE historically used for herpesvirus Isolation. Original clinical isolation paper serum recipe not verified in this pass.,https://www.ncbi.nlm.nih.gov/nuccore/NC_001806.2
P3T004,Human mastadenovirus C / Human adenovirus 5,Adenoviridae,AC_000008.1,Classic laboratory serotype Ad5; decades of cell-culture propagation (prototype era mid-20th c.),yes,yes,unclear,yes,RefSeq AC_000008.1,high,Adenovirus Isolation historically culture+CPE. Exact founding paper dual-media wording not verified here; risk_path high on culture/CPE→reference sequence grounds.,https://www.ncbi.nlm.nih.gov/nuccore/AC_000008.1
P3T005,Influenza A virus A/Puerto Rico/8/1934 (H1N1) PR8,Orthomyxoviridae,Multi-segment RefSeq e.g. NC_002016 (seg7); assembly GCF_000865725.1,Isolated 1934 Puerto Rico; BEI/ATCC: extensive ferret/mouse/egg passage history,yes,unclear,unclear,yes,RefSeq/GenBank PR8 segments; BEI NR-348,high,Culture/passage-heavy laboratory strain (eggs/animals/cells). CPE not always the stated endpoint for egg-adapted flu; still high inheritance risk as culture-derived type material. Passage: ferret(8)/mouse(593)/chicken embryo(165) per BEI seed sheet.,https://www.beiresources.org/Catalog/animalviruses/NR-348.aspx ; https://www.ncbi.nlm.nih.gov/datasets/genome/GCF_000865725.1/
P3T006,Vaccinia virus Western Reserve (WR),Poxviridae,NC_006998.1,Laboratory WR strain; long cell-culture / animal passage history,yes,yes,unclear,yes,RefSeq NC_006998.1,high,Archetypal culture-propagated poxvirus reference. Plaque/CPE endpoints standard in vaccinia work.,https://www.ncbi.nlm.nih.gov/nuccore/NC_006998.1
P3T007,Vesicular stomatitis Indiana virus,Rhabdoviridae,NC_001560.1,Classic Indiana laboratory strain; complete genome RefSeq,yes,yes,unclear,yes,RefSeq NC_001560.1,high,VSV Indiana is a culture workhorse; rapid CPE in many cell lines. Founding serum recipe not verified here.,https://www.ncbi.nlm.nih.gov/nuccore/NC_001560.1
P3T008,Human orthopneumovirus (RSV) A Long,Pneumoviridae,ATCC VR-26; genome e.g. AY911262,ATCC VR-26; isolated 1956; propagated HEp-2,yes,yes,unclear,yes,GenBank AY911262 (Long); ATCC VR-26,high,Long strain: culture Isolation with CPE (syncytia) historically central to RSV characterization.,https://www.atcc.org/products/vr-26
P3T009,Human cytomegalovirus AD169,Herpesviridae,NC_006273,AD169 from adenoid tissue; extensive fibroblast passage (mid-20th c. laboratory strain literature),yes,yes,unclear,yes,RefSeq NC_006273,high,Culture-adapted laboratory strain; literature notes genomic divergence from clinical isolates after passage (inheritance + passage-adaptation issues).,https://www.ncbi.nlm.nih.gov/nuccore/NC_006273 ; https://pmc.ncbi.nlm.nih.gov/articles/PMC4439430/
P3T010,Epstein-Barr virus B95-8,Herpesviridae,NC_007605,B95-8 marmoset lymphoblastoid line isolate; laboratory reference,yes,unclear,unclear,yes,RefSeq NC_007605,high,Culture-derived reference with known deletion relative to some clinical genomes. CPE less central than lymphoid immortalization; still culture→type sequence path.,https://www.ncbi.nlm.nih.gov/nuccore/NC_007605 ; https://pmc.ncbi.nlm.nih.gov/articles/PMC256372/
P3T011,Varicella-zoster virus Oka (parental/vaccine lineage),Herpesviridae,Multiple Oka genomes (e.g. vaccine vs parental comparisons in literature),"Isolated from vesicle fluid; serial passage HEL / GPE / human diploid (attenuation literature, e.g. JVI 2002 Oka comparison)",yes,yes,unclear,yes,GenBank/RefSeq Oka-related accessions,high,Explicit culture passage for isolation/attenuation. CPE used in VZV culture systems.,https://journals.asm.org/doi/10.1128/jvi.76.22.11447-11459.2002
P3T012,MERS-CoV EMC/2012,Coronaviridae,JX869059 / NC_019843,Zaki et al. isolation reports; Vero cell isolation from clinical material (2012),yes,yes,unclear,yes,GenBank JX869059; RefSeq NC_019843,high,"Recent zoonotic with classic Vero isolation + CPE, then sequence. High path for culture-derived type material.",https://www.ncbi.nlm.nih.gov/nuccore/NC_019843
P3T013,Ebola virus Mayinga,Filoviridae,NC_002549,1976 Yambuku outbreak isolate lineage; laboratory reference Mayinga,yes,yes,unclear,yes,RefSeq NC_002549,high,Culture (often Vero/Vero E6) with CPE used historically; type/reference sequence culture-linked.,https://www.ncbi.nlm.nih.gov/nuccore/NC_002549
P3T014,Nipah virus (Malaysia),Paramyxoviridae,NC_002728.1,1998–99 Malaysia outbreak isolation literature; Vero culture / syncytia described in outbreak investigation materials,yes,yes,unclear,yes,RefSeq NC_002728.1,high,Zoonotic; culture isolation with syncytial CPE reported in outbreak-era characterization.,https://www.ncbi.nlm.nih.gov/nuccore/NC_002728.1
P3T015,Lassa virus Josiah,Arenaviridae,RefSeq Lassa Josiah segments (e.g. NC_004296/NC_004297 lineage),Classic Sierra Leone laboratory strain Josiah; Vero culture systems standard,yes,yes,unclear,yes,GenBank/RefSeq Josiah,high,Culture-propagated arenavirus reference. Exact founding CPE paper serum wording not verified here.,https://www.ncbi.nlm.nih.gov/taxonomy/?term=Lassa+virus+Josiah
P3T016,Rubella virus (e.g. Therien / vaccine RA 27/3 lineage context),Matonaviridae,NC_001545 (rubella reference lineage),Historical isolation in cell culture (1960s); vaccine strains further passaged,yes,unclear,unclear,yes,RefSeq NC_001545,high,Culture Isolation foundational; CPE often subtle for rubella (interference assays historically). Still culture→reference path; CPE assertion coded unclear.,https://www.ncbi.nlm.nih.gov/nuccore/NC_001545
P3T017,Yellow fever virus 17D,Flaviviridae,NC_002031 / X03700 lineage,Vaccine strain from Asibi via serial passage (egg/tissue culture history),yes,unclear,unclear,yes,RefSeq/GenBank 17D,high,Extreme passage history; culture/egg-derived type material. CPE not always primary assertion.,https://www.ncbi.nlm.nih.gov/nuccore/NC_002031
P3T018,Rabies virus PV / SAD laboratory lineages (representative),Rhabdoviridae,Multiple lab strains (e.g. PV NC_001542),Pasteur/PV and related laboratory strains; cell-culture propagation standard,yes,unclear,unclear,yes,RefSeq NC_001542 (PV),high,Long laboratory culture history. Negri bodies / IF more classic than CPE-as-isolation-endpoint; culture path still high for type sequences.,https://www.ncbi.nlm.nih.gov/nuccore/NC_001542
P3T019,"Foot-and-mouth disease virus (prototype serotype refs, e.g. O1Kaufbeuren context)",Picornaviridae,Multiple RefSeq FMDV genomes (serotype-specific),Veterinary laboratory Isolates; BHK/IBRS cell culture Isolation standard in FMD labs,yes,yes,unclear,yes,GenBank/RefSeq FMDV,high,Veterinary classic: culture+CPE central. Specific dual-FBS wording deferred to R1 corpus cross-link.,https://www.ncbi.nlm.nih.gov/taxonomy/?term=Foot-and-mouth+disease+virus
P3T020,Simian virus 40 (SV40) reference strains,Polyomaviridae,NC_001669,Discovered as contaminant of poliovirus vaccine monkey-kidney cultures; plaque/CPE characterization,yes,yes,unclear,yes,RefSeq NC_001669,high,Culture-system origin by definition. Illustrates culture-product → named virus → sequence inheritance.,https://www.ncbi.nlm.nih.gov/nuccore/NC_001669
P3T021,Human immunodeficiency virus 1 (HXB2 / LAI laboratory references),Retroviridae,K03455 / NC_001802 (HXB2),Early 1980s Isolates propagated in T-cell culture (LAI/IIIB/HXB2 lineage literature),yes,yes,unclear,yes,GenBank K03455; RefSeq NC_001802,high,Culture Isolation with CPE (syncytia) in T-cell systems; HXB2 became sequence reference. High culture→type sequence path.,https://www.ncbi.nlm.nih.gov/nuccore/K03455
P3T022,SARS-CoV Urbani / Tor2 laboratory Isolates,Coronaviridae,AY278741 (Urbani); NC_004718 (Tor2),2003 Isolates; Vero cell isolation with CPE widely reported,yes,yes,unclear,yes,GenBank/RefSeq SARS-CoV,high,Culture+CPE→sequence for early SARS references. Distinct from later clinical-first SARS-CoV-2 genomes.,https://www.ncbi.nlm.nih.gov/nuccore/NC_004718
P3T023,SARS-CoV-2 Wuhan-Hu-1 vs culture Isolates (WIV04 etc.),Coronaviridae,NC_045512 (Wuhan-Hu-1); WIV04 culture Isolate separately published,Wu et al. Nature 2020: genome from clinical BALF (MN908947). Zhou et al. Nature 2020: parallel culture Isolate WIV04 in Vero E6/Huh7 with CPE,unclear,unclear,unclear,unclear,RefSeq NC_045512 from MN908947 clinical path; culture Isolates also deposited,medium,SPLIT PATH: reference genome Wuhan-Hu-1 is clinical-specimen sequencing (low for that accession); contemporaneous culture Isolates with CPE exist. Code medium for the species-level type-material picture. Does NOT alone prove non-viral.,https://www.nature.com/articles/s41586-020-2008-3 ; https://www.nature.com/articles/s41586-020-2012-7 ; https://www.ncbi.nlm.nih.gov/nuccore/MN908947
P3T024,Hepatitis C virus H77,Flaviviridae,NC_004102; AF009606,Patient H77 plasma/chimp infectious clone era; robust cell culture came later (replicons/HCVcc),no,no,no,yes,RefSeq NC_004102,medium,"Prototype sequence from clinical/animal materials without classical CPE Isolation. Later culture systems adapted. Medium: not CPE-type-material, but lab-passaged clones exist.",https://www.ncbi.nlm.nih.gov/nuccore/NC_004102 ; https://pmc.ncbi.nlm.nih.gov/articles/PMC149761/
P3T025,Human papillomavirus 16,Papillomaviridae,NC_001526,Molecular cloning from clinical lesions (early 1980s); not classical CPE Isolation,no,no,no,yes,RefSeq NC_001526,medium,DNA cloned from tissue; keratinocyte culture later for life cycle. Not culture+CPE→type sequence archetype; medium because lab propagation/cloning still intervenes.,https://www.ncbi.nlm.nih.gov/nuccore/NC_001526
P3T026,Hepatitis B virus (ayw / adr reference clones),Hepadnaviridae,Multiple RefSeq HBV genotypes,Cloned from patient serum/plasma DNA; hepatoma transfection systems later,no,no,no,yes,GenBank/RefSeq HBV,medium,"Not CPE Isolation type material. Molecular clone from clinical NA. Medium: still reference circularity possible via clone labels, but different risk path than culture+CPE.",https://www.ncbi.nlm.nih.gov/taxonomy/?term=Hepatitis+B+virus
P3T027,"Influenza A seasonal vaccine seed strains (egg-adapted, various years)",Orthomyxoviridae,GISAID/GenBank strain-specific,WHO candidate vaccine viruses; egg and/or cell adaptation,yes,unclear,unclear,yes,GenBank/GISAID,medium,Culture/egg path yes; CPE not always assertion; clinical sequences also abundant. Medium blend.,https://www.who.int/teams/global-influenza-programme/vaccines/who-recommendations
P3T028,Zika virus MR766,Flaviviridae,NC_012532 / AY632535 lineage,1947 rhesus monkey / Aedes isolation era; decades of cell/animal passage,yes,unclear,unclear,yes,RefSeq/GenBank MR766,medium,Historical passage-heavy reference; modern clinical Zika genomes also exist. Medium pending deeper type-paper audit.,https://www.ncbi.nlm.nih.gov/nuccore/NC_012532
P3T029,West Nile virus NY99 / related references,Flaviviridae,NC_009942 / AF196835 lineage,1999 NY outbreak Isolates; bird/mosquito/cell culture Isolation reported,yes,unclear,unclear,yes,GenBank/RefSeq,medium,Culture used; clinical and ecological sequences also common. Medium until CPE/serum fields verified from primary papers.,https://www.ncbi.nlm.nih.gov/nuccore/AF196835
P3T030,Human T-lymphotropic virus 1 (ATK / MT-2 related refs),Retroviridae,Multiple HTLV-1 refs (e.g. J02029 ATK),Isolated via co-culture of patient T cells; immortalization rather than classical CPE-only,yes,unclear,unclear,yes,GenBank HTLV-1,medium,Culture yes; endpoint often transformation/immortalization not CPE. Medium risk path.,https://www.ncbi.nlm.nih.gov/taxonomy/?term=HTLV-1
P3T031,SARS-CoV-2 Wuhan-Hu-1 (clinical BALF genome accession),Coronaviridae,NC_045512 ← MN908947,Wu et al. 2020 Nature: RNA from BALF clinical specimen sequenced (not culture product as sequence source),no,no,no,yes,GenBank MN908947; RefSeq NC_045512,low,LOW for this accession's path into DB: clinical metagenomic/NGS. Separate culture Isolates exist (see P3T023). Guardrail: low path ≠ proof of virion class; only lowers culture+CPE inheritance for this entry.,https://www.nature.com/articles/s41586-020-2008-3 ; https://www.ncbi.nlm.nih.gov/nuccore/MN908947
P3T032,2019-nCoV clinical BALF genomes MN988668/MN988669,Coronaviridae,MN988668; MN988669,Chen et al. 2020: RNA mNGS on BALF from two pneumonia patients (PMC7033720),no,no,no,yes,GenBank MN988668/MN988669; SRA PRJNA601736,low,Explicit clinical RNA mNGS without culture for genome recovery.,https://pmc.ncbi.nlm.nih.gov/articles/PMC7033720/
P3T033,Human bocavirus (discovery sequences),Parvoviridae,DQ000495/DQ000496 lineage (Allander 2005),Allander et al. PNAS 2005: molecular screening of respiratory samples; culture-independent cloning/sequencing,no,no,no,yes,GenBank DQ000495 et al.,low,Discovery by clinical molecular metagenomics. Later culture systems reported in follow-on literature; discovery path is low culture-CPE risk.,https://doi.org/10.1073/pnas.0504666102 ; https://pmc.ncbi.nlm.nih.gov/articles/PMC1200281/
P3T034,Norwalk virus (norovirus GI.1 prototype molecular),Caliciviridae,M87661,Molecular characterization from stool/filtrate materials; historically non-cultivable in standard cell lines (organoid culture much later),no,no,no,yes,GenBank M87661,low,"Prototype sequence path is clinical molecular, not CPE Isolation. ICTV/field long treated human noroviruses as difficult/non-cultivable in standard monolayers.",https://www.ncbi.nlm.nih.gov/nuccore/M87661
P3T035,Human sapovirus (clinical genomes; ICTV notes non-cultivable),Caliciviridae,Multiple clinical GenBank genomes (e.g. ASM Genome Announc GI.2 Ireland 2016),ICTV: human sapoviruses cannot be propagated in cell culture; genomes from stool NGS,no,no,no,yes,GenBank clinical sapovirus genomes,low,Strong LOW example: ICTV states human sapoviruses not cell-culture propagable; sequences from clinical specimens.,https://ictv.global/report/chapter/caliciviridae/caliciviridae/sapovirus ; https://journals.asm.org/doi/10.1128/genomea.01028-17
P3T036,Rift Valley fever virus clinical metagenome (Marigat Kenya case),Phenuiviridae,Study genomes OR972326–OR972328 (mapping to NC_014395–7),PMC11385453: complete coding sequence from febrile child serum by metagenomic sequencing,no,no,no,yes,GenBank OR972326–OR972328,low,Clinical serum mNGS path for this entry. Historical RVFV Isolates elsewhere used culture; this row is the clinical NGS entry.,https://pmc.ncbi.nlm.nih.gov/articles/PMC11385453/
P3T037,Hepatitis E virus clinical/molecular references (genotype exemplars),Hepeviridae,Multiple; e.g. genotype RefSeqs,Primarily cloned/sequenced from feces/serum; cell culture possible but inefficient and not required for type sequences,no,no,no,yes,GenBank/RefSeq HEV,low,LOW for typical reference path (clinical NA). Note: specialized culture models exist later—does not convert discovery/type molecular path into CPE Isolation.,https://www.ncbi.nlm.nih.gov/taxonomy/?term=Hepatitis+E+virus
P3T038,Torque teno virus / Anelloviridae clinical molecular references,Anelloviridae,Multiple TTV RefSeq/GenBank,Discovered/characterized from clinical blood by molecular methods; ubiquitous; not CPE Isolation type material,no,no,no,yes,GenBank/RefSeq TTV,low,LOW: molecular/clinical discovery path. Adversarial balance vs culture-heavy DNA virus refs.,https://www.ncbi.nlm.nih.gov/taxonomy/?term=Torque+teno+virus
P3T039,BK polyomavirus clinical molecular references,Polyomaviridae,NC_001538,Originally urine-associated; modern characterization often urine NGS/PCR; historical culture also used in polyomavirus field,unclear,unclear,no,yes,RefSeq NC_001538,low,Coded low favoring clinical urine molecular path for many deposited genomes; founding isolation details partially unclear—flag for deeper audit.,https://www.ncbi.nlm.nih.gov/nuccore/NC_001538
P3T040,Human astrovirus clinical stool genomes (classical HAstV refs molecular),Astroviridae,Multiple RefSeq HAstV,Stool electron microscopy historically; modern complete genomes often stool NGS; culture possible in some lines but not required for many deposited genomes,unclear,unclear,unclear,yes,GenBank/RefSeq HAstV,low,LOW lean: many type/reference sequences from stool molecular work. Culture exists for some strains—row favors non-CPE discovery path; deepen in next batch.,https://www.ncbi.nlm.nih.gov/taxonomy/?term=Human+astrovirus
P3T041,Dengue virus type 2 NGC / 16681 laboratory strains,Flaviviridae,NC_001474 (DENV-2),Mosquito/cell culture Isolates; mosquito cell and Vero/C6/36 systems standard,yes,yes,unclear,yes,RefSeq NC_001474,high,Arbovirus culture Isolation with CPE common. High culture→reference path for lab strains.,https://www.ncbi.nlm.nih.gov/nuccore/NC_001474
P3T042,Chikungunya virus S27 / La Reunion laboratory Isolates,Togaviridae,Multiple; e.g. NC_004162 lineage,Mosquito/cell culture Isolation; CPE in Vero common in outbreak papers,yes,yes,unclear,yes,GenBank/RefSeq CHIKV,high,Recent zoonotic/arboviral Isolates often culture+CPE then sequence.,https://www.ncbi.nlm.nih.gov/nuccore/NC_004162
P3T043,Human adenovirus 7 (prototype vaccine/lab strains),Adenoviridae,Multiple Ad7 GenBank/RefSeq,Classic respiratory adenovirus Isolation in cell culture with CPE,yes,yes,unclear,yes,GenBank/RefSeq Ad7,high,Second adenovirus serotype for DNA-virus culture+CPE balance.,https://www.ncbi.nlm.nih.gov/taxonomy/?term=Human+adenovirus+7
P3T044,JC polyomavirus Mad-1,Polyomaviridae,NC_001699,Mad-1 laboratory strain from progressive multifocal leukoencephalopathy brain; culture history in literature,yes,unclear,unclear,yes,RefSeq NC_001699,medium,Tissue-derived then cultured laboratory reference. CPE assertion unclear in this pass.,https://www.ncbi.nlm.nih.gov/nuccore/NC_001699
P3T045,Rotavirus A (Wa / SA11 reference strains),Sedoreoviridae,"Multi-segment RefSeq (e.g. SA11, Wa)",Cell-culture adapted strains (MA104 etc.); CPE/plaque used,yes,yes,unclear,yes,GenBank/RefSeq RVA,high,Culture-adapted gastroenteritis virus references; trypsin/CPE systems standard.,https://www.ncbi.nlm.nih.gov/taxonomy/?term=Rotavirus+A
