id,year,authors,title,citation,document_type,virus_or_agent,culture_system,cell_or_tissue,enrichment_propagation,enrichment_infection_or_observation,enrichment_change,change_timing,rationale_quoted,endpoint,comparison_of_media,uninoculated_under_same_medium,quotes_medium,quotes_endpoint,window_status,extractor,extract_date,confidence,notes
P1-001,1949,"Enders JF, Weller TH, Robbins FC",Cultivation of the Lansing strain of poliomyelitis virus in cultures of various human embryonic tissues,Science. 1949;109(2822):85-87,primary_methods,poliomyelitis Lansing,suspended tissue fragments,human embryonic arm/leg intestine brain; premature infant tissues,balanced salt solution 3 parts + ox serum ultrafiltrate 1 part (25% ultrafiltrate by volume),same fluid system; serial subculture with dilution,no,NA - single fluid type described,none_stated,virus multiplication (mouse/monkey infectivity); later CPE lineage,no,unclear,The cultures consisted of tissue fragments suspended in 3 cc of a mixture of balanced salt solution (3 parts) and ox serum ultrafiltrate (1 part).,multiplication of the virus in this medium has been comparable to that in the other types,in_window,grok-primary,2026-07-20,high,Full PDF re-extract from p1_history/refs; confirms Nobel lecture medium description
P1-002,1950,"Robbins FC, Enders JF, Weller TH",Cytopathogenic effect of poliomyelitis viruses in vitro on human embryonic tissues,Proc Soc Exp Biol Med. 1950;75 (as in PDF),primary_methods,poliomyelitis Lansing Brunhilde,suspended cell flask + plasma hanging drop + roller tube,human embryonic skin-muscle,Hanks-Simms 1:3 for suspended cultures; flask medium 9 parts Hanks-Simms + 1 part beef embryo extract; plasma drop: fowl plasma + chick + beef embryo extracts; pen/strep in medium,same systems; fresh medium every 3-5 days; antiserum experiments,no formal growth-vs-maintenance percent; medium replenishment,supernatant removed and fresh medium added on indicated days,none_stated,cytopathogenic effect; cell migration failure; pH differential vs controls,no,yes,"The medium used in these experiments consisted of 9 parts of the Hanks-Simms solution adopted as routine for the suspended cell cultures (1:3) and 1 part of beef embryo extract. Plasma hanging drop: 2 drops heparinized fowl plasma, one drop chick embryo extract and one drop beef embryo extract.",cytopathogenic effect; specific inhibition by immune serum of the cytopathogenic effect; normal monkey serum fails to protect the cells against the cytopathogenic action of the virus,in_window,grok-primary,2026-07-20,high,Full PDF; pH and migration controls; immune serum protection
P1-003,1954,"Enders JF, Robbins FC, Weller TH",The cultivation of the poliomyelitis viruses in tissue culture (Nobel Lecture),Nobel Prize Lecture 11 Dec 1954,primary_methods / historical primary,poliomyelitis,explant roller-tube suspended culture,human embryonic tissues; chick amniotic membrane,BSS + ox serum ultrafiltrate; Medium 199 later,long-term culture with medium replenishment,unclear as formal growth-vs-maintenance %,frequent intervals,none_stated as modern 10-to-2,cytopathogenic effect; pH; neutralization,no,yes,balanced salt solution and ox serum ultrafiltrate; nutritive medium removed and replenished at frequent intervals,cytopathogenic effects of the virus as we later called them,in_window,grok-primary,2026-07-20,high,Nobel lecture full text
P1-004,1952,"Melnick JL, Riordan JT",Poliomyelitis Viruses in Tissue Culture. IV. Protein-Free Nutrient Media in Stationary and Roller Tube Cultures,Proc Soc Exp Biol Med. 1952;81:208-213 (approx from PDF),primary_methods,poliomyelitis,roller and stationary tube plasma clot monkey testicular tissue,monkey testicular tissue fibroblasts,Prior art: serum or embryonic extracts + serum ultrafiltrate + salt solution. This paper: Hanks-Simms 9 parts + 5% lactalbumin hydrolysate 1 part during outgrowth (protein hydrolysate replaces serum/embryo extract),After virus: 1% lactalbumin hydrolysate medium (PDF: 1% lactalbumin after virus addition); protein-free fluid phase,yes,outgrowth medium then virus; fluid changes; protein stimulants replaced by lactalbumin,simplification of medium; protein not essential for fibroblast growth or polio multiplication; advantages of commercial lactalbumin; stationary tubes for isolation typing neutralization without roller drums,cytopathogenic effect fibroblast degeneration; virus titration,yes,yes,"protein-containing, cellular growth stimulants (serum or embryonic extract) have been successfully replaced by a protein hydrolysate (lactalbumin). The complete medium which is added to the imbedded tissue fragments during outgrowth of cells consists of Hanks-Simms solution (3 parts of Hanks balanced salt solution plus 1 part of Simms ultrafiltrate) 9 parts, and 5% lactalbumin hydrolysate, 1 part. After the addition of virus, a 1% lactalbumin [medium]. This study indicates that the presence of protein in the fluid phase of the nutrient medium is not essential for the growth of fibroblasts or for the multiplication of poliomyelitis viruses in tube cultures.",cytopathogenic effect; Uninoculated rolled control tubes showing clear fibroblastic outgrowth; extensive degeneration after virus,in_window,grok-primary,2026-07-20,high,Full PDF as user P1-04; landmark protein-free / reduced protein medium for polio TC
P1-005,1954,"Dulbecco R, Vogt M",Plaque formation and isolation of pure lines with poliomyelitis viruses,J Exp Med. 1954;99:167-182,primary_methods,poliomyelitis types 1-3,monolayer primary monkey kidney,monkey kidney monolayers,Earle saline 8 parts + horse serum 6 parts + chicken embryo extract 3 parts,Agar overlay: 2.7% agar + neutral red + 4x Earle saline + embryo extract (no horse serum listed in overlay parts),yes,after monolayer formation; infection under agar overlay,none_stated as modern FBS reduction,plaques PFU pure line isolation,partial,yes,"Tissue Culture Fluid.--Earle's saline (ES), 8 parts, horse serum, 6 parts, chicken embryo extract (1:1 in ES), 3 parts. Overlay consisted of 12 parts 2.7 per cent agar, 12 parts neutral red solution, 8 parts fourfold Earle's saline, and 5 parts of embryo extract.",Plaques have been produced with the three types of poliomyelitis viruses,in_window,grok-primary,2026-07-20,high,Full PDF; rich horse-serum growth fluid vs serum-not-listed plaque overlay
P1-006,1955,Melnick JL,"Tissue culture techniques and their application to original isolation, growth, and assay of poliomyelitis and orphan viruses",Ann N Y Acad Sci. 1955;61:754-773,primary_methods,poliomyelitis and orphan viruses,trypsinized monkey kidney tubes bottles,monkey kidney epithelial,0.5% lactalbumin hydrolysate + 2% calf serum + 97.5% Hanks BSS,After inoculum replace with lactalbumin medium (Earle solution); observe CPE days 2-10,yes,after inoculum replace fluid,Inexpensive simple medium for trypsinized cells,CPE isolation typing neutralization,yes,unclear,"0.5 per cent lactalbumin enzymatic hydrolysate, 2 per cent calf serum, and 97.5 per cent Hank's salt solution. After inoculum replaced with fresh lactalbumin hydrolysate medium in Earle's solution.",cytopathic changes induced by the presence of the virus on 2nd 4th 7th 10th days,in_window,grok-primary,2026-07-21,high,Cites Diagnostic Procedures 2nd ed; Melnick-Riordan 1952
P1-008,1969,Schmidt NJ,Tissue Culture Technics for Diagnostic Virology (Chapter 3),"In: Lennette EH, Schmidt NJ, eds. Diagnostic Procedures for Viral and Rickettsial Infections. 4th ed. APHA; 1969. p.79-178 (approx)",manual,diagnostic viruses general,diagnostic monolayer tube bottle primary secondary continuous diploid organ,human amnion kidney skin-muscle diploid HeLa HEp-2 monkey kidney BS-C-1 rabbit hamster chick embryo etc,Growth media with serum for rapid proliferation. Examples (per 100 ml): human amnion 20 ml FBS + Medium 199; fetal kidney 20 ml FBS + Eagle MEM; diploid/skin-muscle 10 ml FBS + Eagle MEM; continuous lines 10 ml human serum + Eagle or lactalbumin-YE; monkey kidney 5 ml bovine serum + lactalbumin hydrolysate; BS-C-1/rabbit 10 ml FBS + Eagle MEM; BHK growth 10% calf/FBS + fortified Eagle or lactalbumin-YE.,Maintenance less rich; serum-free preferred when possible else low serum (typically 2% FBS). Examples: 2 ml FBS + 94.5 ml Medium 199 or Eagle MEM (2%); L-15 + 2% FBS for respiratory viruses; monkey kidney serum-free Eagle MEM or 2% FBS options; continuous-line maintenance sometimes 5% chicken/FBS + lactalbumin mix; wash BSS before virus to remove inhibitors from growth serum.,yes,Prior to inoculation with virus growth medium removed; wash BSS; replace with maintenance. Confluent monolayers formed first (days vary by cell type).,Growth media promote rapid proliferation. Maintenance keep slow steady metabolism less rich. Should be serum-free if possible; fetal/agamma calf if serum required. Wash removes antibodies/inhibitors in growth serum. FBS usually free of viral inhibitors. High NaHCO3 inhibits certain respiratory viruses so L-15+2% FBS used.,CPE primary for isolation; also hemadsorption interference plaques metabolic inhibition FA; uninoculated control tubes,yes (many cell-type-specific recipes),yes,SEE P1_quotes.md Round 8 Schmidt block - growth vs maintenance definition pp.90-91; recipes pp.102-114 including 2% FBS maintenance formulas,CPE cellular degeneration; uninoculated control tubes; nonspecific degeneration from toxic inocula; positive if CPE or HA or interference,end_marker,grok-primary,2026-07-20,high,Full ch.3 screenshot PDF; definitive 1969 diagnostic dual-medium codification with explicit 2% FBS maintenance recipes; chapter number is 3 in 4th ed
P1-009,2014,Fenner F et al,Cultivation and Assay of Viruses,Medical Virology PMC7173454,review / textbook,general animal viruses,monolayer,general continuous lines,FCS 5-10% for initial growth,maintenance medium little or no serum after inoculation,yes,once monolayer established growth medium removed virus inoculated maintenance added,Serum for growth factors; fetal calf preferred re antibody,CPE and assay,no,unclear,Fetal calf serum (5-10%) incorporated for initial growth. Once monolayer established growth medium removed virus inoculated and maintenance medium containing little or no serum is added.,Since 1949 Enders et al. cytopathic changes,end_marker / secondary,grok-primary,2026-07-20,high,Textbook codification
P1-010,2006,CLSI,Viral culture Approved guideline M41-A,CLSI Document M41-A 2006,manual,diagnostic viral culture,tube shell vial,multiple,Growth medium typically 10% FBS,Maintenance 1-3% FBS e.g. 2%,yes,at required density / with inoculation,slow monolayer overgrowth; inhibitors; permit replication,CPE primary,no,yes,Typically 10% FBS growth; 1 to 3% maintain before and after inoculation,Section Viral Effects CPE primary,end_marker,grok-primary,2026-07-20,high,In-repo project notes
P1-011,current,ATCC Staff,Virology Culture Guide,atcc.org,manual,tissue culture-adapted viruses,monolayer,virus-dependent hosts,Cell growth medium higher serum,Viral growth medium lower serum; NOTE 5 decrease to 2%,yes,for viral inoculation,can interfere with viral attachment (NOTE 5); influenza exception,CPE / authentication,no,yes,Viral growth medium is usually supplemented with a lower percentage of serum than cell growth medium; For viral inoculation ATCC recommends decreasing the percentage of serum to 2% as it can interfere with viral attachment.,Check the flask for cytopathic effects (CPE) when applicable.,end_marker,grok-primary,2026-07-20,high,Modern institutional guide
P1-012,2007,"Suchman E, Blair C",Cytopathic Effects of Viruses Protocols,ASM Protocols,manual,teaching CPE viruses,cluster dish,general,growth medium,maintenance medium fresh medium with 2% serum,yes,after removing growth medium,none_stated,CPE; uninoculated control well,no,yes,Add 1 ml of maintenance medium (fresh medium with 2% serum) to each well.,leaving one uninoculated control well; Observe for CPE,end_marker,grok-primary,2026-07-20,high,In-repo ASM protocol
P1-015,1969approx,Moffat MAJ,Some Cell Culture Procedures in Diagnostic Medical Virology,Diagnostic methods chapter (PDF supplied),manual,diagnostic viruses general,monolayer tube roller Petri,MK HeLa HEp-2 amnion RK13 etc,199 or Eagle Basal Medium + 10% calf serum,maintenance medium 1% serum or serum-free after about 3 days,yes,after about 3 days,none_stated,CPE neutralization hemadsorption FA,no,unclear,Growth medium usually consists of a synthetic medium such as 199 or Eagle's Basal Medium with added 10% calf serum. The serum may be varied in type or amount according to the virus or cells being cultured. After about 3 days the cultures are changed to maintenance medium which may contain 1% serum or be serum-free. Antibiotics are usually included.,cytopathogenic effect (CPE) was produced in the cells by the virus,end_marker,grok-primary,2026-07-20,high,Full PDF re-extract; dual medium diagnostic prescription
P1-016,2010s,UK SMI,V_39 Procedure for care and propagation of cell cultures,Public Health England SMI,manual,diagnostic cell culture,monolayer,listed cell types,EMEM growth + 10% serum,EMEM maintenance + 2% serum,yes,growth vs maintenance formulations,none_stated,cell health for virology,no,unclear,EMEM growth 10% serum; EMEM maintenance 2% serum (table),Supports viral diagnostic culture systems,end_marker,grok-primary,2026-07-20,medium,Snippet-based until full SMI re-check
P1-017,1961,Subramanyam P et al,Cultivation of vaccinia virus in sheep kidney cell cultures,Bull World Health Organ (PMC2555548),primary_methods,vaccinia Barnes strain,primary sheep kidney monolayers,sheep kidney,HBSS 80% + sheep serum 20% + lactalbumin 0.5% + yeast extract 0.1%,EBSS + 10% sheep serum maintenance; used for virus inoculation,yes,after monolayer 6-9 days then virus inoculum on maintenance,none_stated,cytopathic effects serial passage,no,unclear,"growth medium consisting of HBSS, 80%; sheep serum, 20%; lactalbumin hydrolysate, 0.5%; yeast extract, 0.1%. After good monolayer formation, usually 6 to 9 days after the preparation of the cultures, the medium was replaced with a maintenance medium consisting of EBSS with 10% sheep serum, the concentration of other substances being the same as in the growth medium. This medium was used for virus inoculation.","examined for cytopathic effects every 24 hours. After the lapse of 5 days, when the cytopathic effects were at a maximum",in_window,grok-primary,2026-07-20,high,COUNTEREXAMPLE: maintenance still 10% serum (growth was 20%)
P1-018,1964,Boyle JJ,Rift Valley Fever Virus Assay in Serum-Free Hamster Kidney Monolayers,US Army Biological Labs Technical Manuscript 132 April 1964; DTIC AD0437967,primary_methods,Rift Valley fever,hamster kidney tube monolayers,hamster kidney HK,medium 199 + 10% calf serum growth medium,serum-free maintenance medium: 10x medium 199 diluted then 1:1 with BSS; virus dilutions and post-adsorption maintenance serum-free,yes,after 24h confluent sheet growth medium removed; inoculate in serum-free maintenance,In absence of serum rapid destruction of cells with RVF; with serum may multiply without CPE; plaque needs serum in overlay for comparable titers; serum-free tube titration economical vs plaque/mouse,CPE endpoints Reed-Muench; compare plaque and mouse,yes,unclear,"hamster kidney cells were propagated in a growth medium consisting of medium 199 plus 10% calf serum. After a 24-hour incubation... growth medium was removed. The cells were inoculated with virus suspended in serum-free maintenance medium... After the absorption period, fresh maintenance medium (serum-free) was added. The maintenance medium was prepared from a concentrated (10X) stock medium 199 diluted to 1X... further diluted with one volume of balanced salts solution (BSS). Although dilutions of virus for tube titrations were made in the maintenance medium, the growth medium containing calf serum had to be employed for the corresponding plaque titrations, because comparable titers were not obtained when calf serum was deleted from the agar overlay.","In the absence of serum, however, a rapid destruction of tissue-culture cells occurred with RVF virus. Multiplication... may not be accompanied by cytopathogenic changes even though high titers may be obtained... in the presence of serum context. cpe can be prevented by specific immune serum.",in_window,grok-primary,2026-07-20,high,CRITICAL: serum removal enables CPE readout for RVF; full PDF as P1-203
P1-034,1950,"Morgan JF, Morton HJ, Parker RC",Nutrition of Animal Cells in Tissue Culture. I. Initial Studies on a Synthetic Medium,Proc Soc Exp Biol Med. 1950;73:1-8,primary_methods,NA (chick embryo cells; Medium 199 foundation),roller tube chick embryo muscle,11-day chick embryo leg muscle,Seek synthetic medium without serum/embryo extract; often preliminary horse serum + embryo extract then synthetic,NA virus,yes experimental,after 3-5 days preliminary natural medium,Complexity and variability of natural substrates (plasma serum extracts) impede nutrient studies,cell survival multiplication,yes,NA,synthetic medium... in the absence of blood serum and embryo extract. Although a completely adequate synthetic mixture has not yet been achieved... preliminary feeding mixture containing horse serum and embryo extract,cell growth microscopic examination,in_window,grok-primary,2026-07-21,high,Medium 199 origin; later used with serum for virus TC growth
P1-035,1963,Rosenbaum MJ et al,A Simplified Method for Virus-Tissue Culture Procedures in Microtitration Plates (approx title from DTIC AD0411928),DTIC AD0411928 / Proc Soc Exp Biol Med era microtitration methods,primary_methods,poliovirus neutralization and infectivity,microtitration plates MTC and MACRO tubes HEp-2,HEp-2,Growth: 90% Eagle MEM in HBSS + 10% inactivated fetal calf serum; MTC uses only growth media,MACRO tubes changed to maintenance medium 95% MEM + 5% inactivated horse serum once monolayers established,yes,once monolayers established for MACRO tubes,none_stated beyond methods convenience,CPE 1+-4+; neutralization titers,partial,yes,"Tissue culture growth medium contained 90% Eagle minimum essential medium (MEM) in HBSS with 10% inactivated fetal calf serum. Although only growth media was used for microtitration tissue cultures (MTC), conventional (MACRO) tissue cultures in tubes were changed to maintenance medium (95% MEM and 5% inactivated horse serum) once monolayers were established.",virus infectivity titers were microscopically observed; evidence of cytopathic effect,in_window,grok-primary,2026-07-20,high,Full PDF as P1-204; maintenance is 5% horse serum not 2%; micro keeps growth medium
P1-036,1969,"Lennette EH, Schmidt NJ (eds) reviewed",Diagnostic Procedures for Viral and Rickettsial Infections 4th ed (AJPH book notice PDF only),APHA 1969; AJPH notice amjphnation00034-0156b,manual / secondary notice,diagnostic viruses,diagnostic TC (not extracted from full chapter),multiple,unknown from this 2-page notice,unknown from this notice,unclear,unknown,none,diagnostic procedures book scope,no,unclear,PDF is short AJPH-style notice of the 4th edition Diagnostic Procedures volume; NOT the full Schmidt tissue culture chapter methods text.,n/a from notice,end_marker,grok-primary,2026-07-20,low,User supplied P1-036 is bibliographic notice only; still need full Schmidt ch.2 for medium tables
P1-042,1953,"Li CP, Schaeffer M",A Simplified Method for Cultivation of Poliomyelitis Virus in Tissue Culture,Science. 1953;118:107-109,primary_methods,poliomyelitis,stationary monkey testicular tissue tubes,monkey testis,Medium E: 75% Hank-Simms + 25% bovine plasma hydrolysate; Simms ultrafiltrate optional/omittable,same Medium E; fewer medium changes; clearer CPE; less nonspecific degeneration in uninfected tissue,yes vs horse serum + embryo extract,replacement of prior medium components,Horse serum frequently inhibitory to virus; chick embryo extracts contamination sources,cytopathogenic effect degrees of degeneration,yes,yes,"Horse serum is frequently inhibitory to virus, and chick embryo extracts are at times sources of contamination. Medium E... 75% Hank-Simms... and 25% bovine plasma hydrolyzate. Simms serum ultrafiltrate may be omitted entirely. nonspecific degeneration does not readily occur in uninfected tissue",cytopathogenic effect... degrees of cellular degeneration,in_window,grok-primary,2026-07-21,high,Cites Melnick-Riordan lactalbumin; Youngner Ward Salk
P1-043,1956,"Melnick JL, Opton EM",Assay of poliomyelitis neutralizing antibody in disposable plastic panels,Bull World Health Organ (PMC2538105),primary_methods,poliomyelitis,plastic panel metabolic color test monkey kidney,monkey kidney,Simple lactalbumin hydrolysate medium; nutrient medium = lactalbumin-Hanks base + 2.0% calf serum,same simple medium for color assay,partial (199 replaced by lactalbumin+2% calf),medium choice for assay system,Substitute simple lactalbumin medium for more complex Connaught No. 199,metabolic color/pH phenol red,yes,yes,"simple lactalbumin hydrolysate medium is used. The nutrient medium, used for cell suspensions and cell titrations, is prepared by adding 2.0% calf serum. substitution of the simple lactalbumin hydrolysate medium for the more complex media like Connaught No. 199",colour test... acid products of metabolism lower the pH of the medium,in_window,grok-primary,2026-07-21,high,Confirms 2% calf serum nutrient medium mid-1950s
P1-200,1961,Smith SE,A Maintenance Medium for Tissue Culture Virus Studies,Br J Exp Pathol. 1961 (PDF brjexppathol00357-0048),primary_methods,poliovirus and others on monkey kidney,primary monkey kidney and others,monkey kidney; various,lactalbumin hydrolysate medium with added serum (cells usually grown),liver digest ultrafiltrate 5-10% in Earle BSS; serum-free maintenance for polio titration up to 12 days; vaccine safety testing up to 28 days serum-free,yes,maintenance medium for virus studies after growth,keep infected cells healthy without inhibitory effect on virus; growth media not generally suitable; better than lactalbumin+serum growth medium or SM199 for maintenance; crude digest less satisfactory especially in medium with low serum content,virus titration; long maintenance,yes,unclear,special requirement for a type of medium usually referred to as maintenance medium. The liver digest is used at a 10 per cent dilution in Earle's balanced salt solution to form the basic maintenance medium. For titrations of poliovirus the cultures are kept on a serum free medium for periods of up to 12 days from infection. cells are usually grown on a lactalbumin hydrolysate medium with added serum.,maintenance for virus titration and safety testing of poliomyelitis vaccine up to 28 days,in_window,grok-primary,2026-07-20,high,User-supplied as P1-200; defines serum-free maintenance vs serum growth
P1-201,1961,Hsiung GD,Applications of Primary Cell Cultures in the Study of Animal Viruses,Yale J Biol Med. 1961;33:359-371,review,enteroviruses polio Coxsackie ECHO and others,primary kidney monolayers plaque and fluid,primate and non-primate kidney,not single recipe; review of systems,agar overlay factors: bicarbonate amino acids serum proteins lactalbumin; 2% horse serum can inhibit plaques; protein-free synthetic overlay discussed,discussed as variable,overlay vs fluid culture,serum inhibitors of plaque formation; lactalbumin can accelerate some ECHO plaques,plaques; CPE fluid culture,yes,unclear,2 percent horse serum from certain horses when added to the overlay caused inhibition of 90 percent of the plaques produced by poliovirus type 1. protein-free synthetic overlay medium. addition of lactalbumin hydrolysate in the overlay medium,certain ECHO viruses produced plaques under agar overlay but were incapable of producing cytopathic changes in parallel fluid cultures,in_window,grok-primary,2026-07-20,high,User-supplied as P1-201; serum as inhibitor supports low/no-serum logic
P1-205,1972,Schmidt NJ,Tissue Culture in the Laboratory Diagnosis of Viral Infections,Am J Clin Pathol. 1972;57:820-828 approx,review,diagnostic viruses,diagnostic TC overview,diploid MK continuous,not primary recipe source,isolation CPE; micro methods save medium,unclear,n/a,none detailed for serum percent,CPE isolation; intersecting serum pools,no,unclear,micro tests require about one-tenth of the amounts of cells and medium used for tube cultures,isolation of viruses; CPE diagnostic practice,end_marker late secondary,grok-primary,2026-07-21,medium,"Bibliography leads: Hayflick diploid, etc."
P1-206,1953,Melnick JL,Poliomyelitis Virus in Tissue Culture (dry-tube and bottle culture methods),Proc Soc Exp Biol Med. 1953;84:558-563 approx,primary_methods,poliomyelitis,monkey kidney on glass stationary tubes bottles,monkey kidney epithelial,Complete medium: 9 parts Medium 199 + 1 part bovine serum (10%); 10% serum with 199 satisfactory for outgrowth (Fig 3),Remove complete medium; wash Earle salt solution remove inhibitors in bovine serum; maintenance = 1 part 199 + 1 part Earle salt solution (serum-free),yes,after 10-14 days epithelial sheet before virus,Wash removes poliomyelitis virus inhibitory substances present in bovine serum,cytopathogenic effect,yes serum percent and fluid depth,unclear,Complete medium... 9 parts of mixture No. 199 and 1 part bovine serum. washed with Earle's salt solution (to remove poliomyelitis virus inhibitory substances present in bovine serum)... maintenance medium consisting of 1 part of No. 199 and 1 part of Earle's salt solution. concentrations of 10% when used with No. 199 were satisfactory for good outgrowth.,reaction to virus (cytopathogenic effect),in_window,grok-primary,2026-07-21,high,Key dual-medium primary: 10% growth then serum-free maintenance + inhibitor wash
P1-046,1954,Youngner JS,Monolayer tissue cultures. I. Preparation and standardization of suspensions of trypsin-dispersed monkey kidney cells,Proc Soc Exp Biol Med. 1954;85:202-205,primary_methods,poliomyelitis (method for virus assay cultures),trypsinized monkey kidney monolayers tubes Petri bottles,monkey kidney cortical epithelium,Medium D: synthetic mixture 199 95 ml + 2.8% NaHCO3 3 ml + horse serum 2 ml (2% horse serum) + pen/strep; used for washing/suspending cells and monolayer outgrowth,For virus or antibody titrations Medium D with horse serum is not used; instead mixture 199 97.5 ml + 2.5 ml 5% NaHCO3 (serum-free),yes,after monolayer formation when cultures used for virus/antibody titration,none_stated beyond method; horse serum Medium D reserved for cell prep/growth not virus assay,monolayer readiness for virus assay; polio propagation reported separately,yes (growth Medium D vs serum-free 199 for assay),unclear,"Medium D... synthetic mixture 199, 2.8% NaHCO3, horse serum, 95, 3 and 2 ml respectively. For virus or antibody titrations medium D, containing horse serum, is not used. Instead, the medium employed is made up of 97.5 ml of mixture 199 to which is added 2.5 ml of 5% NaHCO3.",Over 90% of tubes prepared in this manner are suitable for virus assay or other studies.,in_window,grok-primary,2026-07-22,high,Full PDF Round 10; dual-medium by 1954 in standard MK monolayer prep: 2% horse serum growth vs serum-free 199 for virus titration
P1-047,1953,"Scherer WF, Syverton JT, Gey GO",Studies on the propagation in vitro of poliomyelitis viruses. IV. Viral multiplication in a stable strain of human malignant epithelial cells (strain HeLa),J Exp Med. 1953;97:695-710,primary_methods,poliomyelitis types 1-3,continuous HeLa line glass substrate tubes flasks bottles,HeLa (human cervical carcinoma epithelial),"Growth: human placental/adult serum or ascitic fluid 50% + chick embryo extract 2 or 5% + Hanks BSS 48 or 45% (e.g. HPS-50, EE-2, H-48). Separate maintenance mixture human serum/ascites ~40% + salt solution 60% for cells without virus.",Before virus: remove growth medium; replace twice with MS-100 (synthetic maintenance solution) diluting residual human serum antibodies 1:400 to 1:800. Virus assays use MS as liquid phase. Later note: 10% chicken serum + 90% MS superior morphology to MS-100 alone; polio Type 3 titers identical.,yes,after 3-10 days growth when cell population suffices; double fluid replacement before virus inoculation,Growth medium assumed to contain poliomyelitis antibodies (human serum/ascites); wash/dilution exceeds usual antibody titers,cytopathogenic effect; virus assay neutralization isolation production,partial (MS-100 vs CHS-10 MS-90 morphology note),yes,nutritive medium composed of either human placental serum... 50 per cent; chicken embryonic extract... 2 or 5 per cent; and balanced salt solution... 48 or 45 per cent. liquid was removed and replaced by an equal amount of MS-100... second replacement... final dilution of from 1 to 400 to 1 to 800. a mixture of 10 per cent chicken serum and 90 per cent MS was superior to MS-100 for the maintenance of normal cellular structure.,This sequence of changes has been termed the cytopathogenic effect of poliomyelitis virus. type-specific antibody prevented the cytopathogenic effect,in_window,grok-primary,2026-07-22,high,Full PDF Round 10; high-serum continuous-line growth then synthetic MS-100 after antibody dilution; not modern 10-to-2 FBS but clear growth vs infection medium switch at inoculation step
P1-048,1958,"Baron S, Low RJ",New maintenance medium for cell culture,Science. 1958;128:89-90,primary_methods,poliovirus Coxsackie vaccinia adenovirus (sensitivity tests),continuous lines and primary MK maintenance,LAC HeLa KB Salk monkey heart rhesus monkey kidney,continuous cultures historically require animal serum (cited); this paper addresses maintenance after growth,Maintenance: 20% boiled/autoclaved skim milk in Medium 199 (or Eagle basal); also Earle BSS + 20% skim milk + 3% Travamin or 0.5% lactalbumin for MK; serum-free basal comparison,yes,maintenance of fully grown cultures for virus observation,many sera contain inhibitors to wide range of viruses; replace serum to avoid nonspecific inhibitors/antibody and keep cells sensitive to viral effects; isolation of agents previously not cultured due to neutralization by serum-containing maintenance media,viral effects observation; comparative titration sensitivity,yes,unclear,"Although animal serum has been a necessary constituent of most media for continuous cell cultures, many sera contain inhibitors to a wide range of viruses. Final concentration of 20 percent of skim milk in medium 199 was selected. 4- to 100-fold serum-inhibition of poliovirus was observed when calf-serum-containing maintenance medium was compared with serum-free medium on monkey kidney cells.","Skim milk maintenance medium appears applicable as a standard medium for... isolation of viral agents which were not previously cultured, due to neutralization by serum-containing maintenance media",in_window,grok-primary,2026-07-22,high,Full PDF Round 10; landmark named maintenance medium paper; quantifies serum inhibition of polio CPE/sensitivity; Schmidt later cites this lineage
P1-051,1948,"Weller TH, Enders JF",Production of hemagglutinin by mumps and influenza A viruses in suspended cell tissue cultures,Proc Soc Exp Biol Med. 1948;69:124-128,primary_methods,mumps and influenza A,suspended cell Maitland-type flasks,chick amniotic membrane allantoic membrane embryonic brain,HS nutrient: 3 parts Hanks BSS + 1 part Simms ox-blood serum ultrafiltrate; same fluid for culture life with periodic replacement,same HS medium; inoculum added to cultures; fluid replaced at intervals with fresh HS,no,NA - single fluid type with replenishment (not growth-to-maintenance switch),none_stated as dual medium; Maitland-type suspended culture adaptation,hemagglutinin titer; egg infectivity for mumps,no,yes,The nutrient medium consisted routinely of 3 parts of a balanced salt solution made up according to the formula of Hanks and 1 part of Simms ox-blood serum ultrafiltrate. This mixture will hereafter be referred to as HS.,hemagglutinin titers... of the individual supernatant fluids removed periodically from the tissue cultures,in_window,grok-primary,2026-07-22,high,Full PDF Round 10; pre-1949 polio paper; same ultrafiltrate pattern as Enders 1949; NOT dual growth/maintenance
