id,tier,c_reason,nc_any,nc_isolation_stage,m1_cells,m2_base_medium,m3_serum_enrichment,m4_additives,m5_timeline,m6_inoculum_only_diff,match_basis,control_cpe_reported,control_cpe_claimed_negative,control_images,positive_control_present,ambiguous,primary_experiment,endpoint_for_control_comparison,scorer,score_date,notes
VI2,D,NA,no,no,NA,NA,NA,NA,NA,NA,NA,no,NA,no,yes,no,Primary Isolation from bat faecal PCR-positive samples on Vero E6,CPE,grok-primary,2026-07-20,No culture-level mock/uninfected NC for Isolation; neutralization uses serum NC; ACE2 assay uses HeLa without ACE2
VI4,D,NA,no,no,NA,NA,NA,NA,NA,NA,NA,no,NA,no,no,no,Primary Isolation from rat lung on Vero E6,IFA antigen (no CPE),grok-primary,2026-07-20,"No mock/uninfected NC; ""fresh normal cells"" used only for co-culture passage mixing not parallel NC"
VI8,B,NA,yes,yes,yes,unknown,unknown,unknown,unknown,yes,NA,yes,yes,yes,no,yes,Primary Isolation then infection characterization on Vero E6/Huh7,CPE / IF,grok-primary,2026-07-20,Mock virus panels in Extended Data Fig. 6; Isolation methods do not define mock well medium; ambiguous A vs B — scored B
VI13,B,NA,yes,yes,yes,unknown,unknown,unknown,yes,yes,NA,yes,yes,yes,no,yes,Primary Isolation limiting-dilution on Vero CCL-81,CPE,grok-primary,2026-07-20,Results/Fig1 state mock and no CPE; methods describe specimen dilutions not explicit mock preparation/medium identity
VI14,B,NA,yes,yes,yes,unknown,unknown,unknown,unknown,yes,NA,yes,yes,yes,no,no,Primary Isolation of HRSV on Hep-2; mock used for IFA/CPE figure,CPE / IFA,grok-primary,2026-07-20,Uninfected (mock) named for IFA and Fig.1; Isolation medium 2% FBS stated for inoculated cultures only not explicitly for mock
VI15,D,NA,no,no,NA,NA,NA,NA,NA,NA,NA,no,NA,no,no,no,Primary Isolation from blood on C6/36 three blind passages,Plaque titer (not CPE),grok-primary,2026-07-20,No mock/uninfected/control cultures in Isolation or growth kinetics
VI16,A,NA,yes,yes,yes,yes,yes,yes,yes,yes,explicit,yes,yes,yes,yes,no,Primary Isolation shell-vial from corneal scrapings; non-viral keratitis specimens as controls,CPE / IF foci,grok-primary,2026-07-20,Non-viral-origin scrapings inoculated with same adsorption and 1% FBS maintenance protocol; none yielded HSV-1
VI18,D,NA,no,no,NA,NA,NA,NA,NA,NA,NA,no,NA,no,no,no,Vero serial passage adaptation of influenza,Plaque size / growth kinetics,grok-primary,2026-07-20,No mock/uninfected culture NC described
VI23,D,NA,no,no,NA,NA,NA,NA,NA,NA,NA,no,NA,no,no,no,Primary Isolation from clinical specimens on Vero lines,CPE,grok-primary,2026-07-20,No mock/uninfected culture NC in Isolation methods
VI24,D,NA,no,no,NA,NA,NA,NA,NA,NA,NA,no,NA,no,no,no,Isolation from clinical swabs on Vero +/- AmB,CPE / HA,grok-primary,2026-07-20,"No Isolation-stage mock; ""control cells/culture"" refer to AmB-absent experimental arms or antibody isotype NCs"
VI25,C,C-stage,yes,no,NA,NA,NA,NA,NA,NA,NA,no,NA,yes,no,yes,Primary Isolation sensitivity comparison of EBOV on Vero E6/Huh-7/MDM (methods isolation incubations),Plaque titer / immunostaining (Isolation success),grok-remediated,2026-07-20,REMEDIATED after agent2: culture NCs exist (TCID50 diluent rows; toxicity media control flask) but wrong-stage vs primary Isolation plates which have no mock/uninfected well — C-stage not A
VI28,D,NA,no,no,NA,NA,NA,NA,NA,NA,NA,no,NA,no,no,no,Primary Isolation from COVID-19 specimens on VeroE6 variants,CPE,grok-primary,2026-07-20,No mock/uninfected culture NC described
VI29,D,NA,no,no,NA,NA,NA,NA,NA,NA,NA,no,NA,no,no,no,Propagation of PV rabies on BSR for NP extraction,NP purification / SDS-PAGE,grok-primary,2026-07-20,No mock/uninfected culture NC; same article as VI47
VI30,D,NA,no,no,NA,NA,NA,NA,NA,NA,NA,no,NA,no,no,no,Primary Isolation of IAV on MDCK / eggs,CPE,grok-primary,2026-07-20,No Isolation-stage culture NC; plaque assay and IFA use negative controls (secondary; not used to upgrade tier)
VI32,D,NA,no,no,NA,NA,NA,NA,NA,NA,NA,no,NA,no,no,no,Primary Isolation of FHV-1 on CRFK,CPE,grok-primary,2026-07-20,No mock/uninfected culture NC described
VI33,A,NA,yes,yes,yes,yes,yes,yes,yes,yes,allowed_inference,yes,yes,yes,no,no,Primary Isolation of MERS-CoV from camel nasal swabs on Vero E6,CPE,grok-primary,2026-07-20,PBS control well on each plate; after inoculum all wells washed and fresh medium added; Fig. normal uninfected cells
VI34,D,NA,no,no,NA,NA,NA,NA,NA,NA,NA,no,NA,no,no,no,Primary Isolation of CAV-2 variant on MDCK,CPE,grok-primary,2026-07-20,No mock/uninfected culture NC described
VI36,B,NA,yes,yes,yes,unknown,unknown,unknown,unknown,yes,NA,yes,yes,yes,yes,yes,In vitro Vero infection/IF/PRNT; animal mock groups; colostrum culture Isolation attempt,IF / plaque / culture recovery,grok-primary,2026-07-20,Many animal mocks; Mock-infected Vero for IF claimed negative; culture Isolation from colostrum lacks described culture NC; medium for mock Vero not fully specified — B
VI38,A,NA,yes,yes,yes,yes,yes,yes,yes,yes,explicit,yes,yes,yes,no,no,Infection experiments Vero E6 mock vs SARS-CoV-2 +/- trypsin,IF / titer / morphology,grok-primary,2026-07-20,"Repeated ""mock infected or infected"" under stated parallel trypsin/medium conditions"
VI39,D,NA,no,no,NA,NA,NA,NA,NA,NA,NA,no,NA,no,no,no,Primary Isolation of Oita virus from bats on Vero lines,CPE / growth,grok-primary,2026-07-20,Negative controls described for mouse IC pathogenicity (PBS) not for culture Isolation
VI40,B,NA,yes,yes,yes,unknown,unknown,unknown,unknown,yes,NA,yes,yes,yes,no,yes,RSV infection of HEp-2 and A549 vs mock,IF morphology / RNA-seq / cytokines,grok-remediated,2026-07-20,REMEDIATED after agent3: mock in results/figures; methods state 2% FBS/MEM for infected cells only — not explicit identical mock medium → B not A
VI41,D,NA,no,no,NA,NA,NA,NA,NA,NA,NA,no,NA,no,no,no,Characterization of WNV small-plaque variant,Plaque / growth kinetics,grok-primary,2026-07-20,No mock/uninfected culture NC described
VI42,B,NA,yes,yes,yes,unknown,unknown,unknown,yes,yes,NA,no,NA,no,no,yes,VZV/AdORF29 infection experiments; mock-infected lanes for WB/IF,Protein localization / WB (not Isolation CPE),grok-primary,2026-07-20,Mock-infected for AdORF29 experiments; maintenance medium language present but mock medium not always restated; not classical clinical Isolation
VI43,A,NA,yes,yes,yes,yes,yes,yes,yes,yes,explicit,yes,NA,yes,no,no,Persistent SARS-CoV infection experiments on Vero E6 with mock-infected controls,Cell viability / WB / morphology,grok-primary,2026-07-20,Image-PDF; methods state 2% FBS before infection and controls prepared in 2% FBS DMEM; mock-infected protein samples; OCR from rendered pages
VI45,D,NA,no,no,NA,NA,NA,NA,NA,NA,NA,no,NA,no,yes,no,Isolation of street/fixed rabies on HEK-293 vs Neuro-2a/BHK,FAT foci,grok-primary,2026-07-20,Virus control section is CVS-11 positive control strain not culture NC
VI46,D,NA,no,no,NA,NA,NA,NA,NA,NA,NA,no,NA,no,no,no,Routine Isolation of street rabies by RTCIT,FAT,grok-primary,2026-07-20,No mock/uninfected culture NC described in extracted text
VI47,D,NA,no,no,NA,NA,NA,NA,NA,NA,NA,no,NA,no,no,no,Propagation of PV rabies on BSR for NP extraction (duplicate of VI29),NP purification / SDS-PAGE,grok-primary,2026-07-20,Duplicate content of VI29; no culture NC
SPT10,D,NA,no,no,NA,NA,NA,NA,NA,NA,NA,no,NA,no,no,no,ZIKV propagation and TC-tagged virus imaging on Vero,CPE for harvest; IF labeling,grok-primary,2026-07-20,Uninfected cells used only to show biarsenical dye does not label cellular components — not Isolation-stage morphology NC
VI44,D,NA,no,no,NA,NA,NA,NA,NA,NA,NA,no,NA,no,no,yes,Enterovirus Isolation microplate (HEF/HEp-2/Vero/RD-18S/GMK),CPE,cpe-assistant,2026-09-19,methods not accessible (subscription IJID; abstract-only). Abstract describes cell panel Isolation without mentioning culture NC. Wishlist PDF. Conservative D.
VI50,D,NA,no,no,NA,NA,NA,NA,NA,NA,NA,no,NA,no,no,no,Primary Isolation/infection (HAdV (human adenovirus)),CPE,cpe-assistant,2026-09-19,No culture-level mock/uninfected/negative-control wells described for Isolation/infection culture work.
VI51,B,NA,yes,yes,yes,unknown,unknown,unknown,unknown,yes,NA,unknown,unknown,unknown,no,yes,Isolation/infection (bovine enterovirus),CPE / morphology,cpe-assistant,2026-09-19,"Isolation-stage NC mentioned; M2/M3 (serum) not verifiable from methods. Snip: rstained with DAPI (Beyotime-C1006, CHN), and images were acquired using a fluorescence microscope. Mock-infected cells served as negative controls. Virus titration by TCID 50 Virus titers were determined by the 50% tissue culture infectiou"
VI52,B,NA,yes,yes,yes,unknown,unknown,unknown,unknown,yes,NA,unknown,unknown,unknown,no,yes,B virus Isolation from oral swab on Vero/LLC-MK2; DMEM-only control well,CPE,cpe-assistant,2026-09-19,Control well inoculated with sterile DMEM only; all wells washed then fresh maintenance medium. Maintenance medium composition (serum %) not explicit in Isolation paragraph → M3 unknown → B (not A).
VI53,A,NA,yes,yes,yes,yes,yes,yes,yes,yes,allowed_inference,unknown,unknown,no,no,yes,BVDV titration/infection on MDBK with negative control groups,CPE / titer,cpe-assistant,2026-09-19,Three negative control groups on same 6-well plate; after adsorption all wells get DMEM+2% FBS. Allowed inference M3 from shared post-inoculum medium. ambiguous=yes.
VI54,D,NA,no,no,NA,NA,NA,NA,NA,NA,NA,no,NA,no,no,no,Primary Isolation/infection (enteroviruses (wastewater)),CPE,cpe-assistant,2026-09-19,No culture-level mock/uninfected/negative-control wells described for Isolation/infection culture work.
VI55,C,C-stage,yes,no,NA,NA,NA,NA,NA,NA,NA,no,NA,unknown,no,yes,Isolation/infection (Orthobunyavirus (novel)),CPE / morphology,cpe-assistant,2026-09-19,"Re-audit: uninfected/mock only as IF/serology assay control, not Isolation-stage culture NC. Snip: munological staining, Vero-81 cells (including infected and mock-infected controls) were fixed and permeabilized to allow antibody access. Briefly, cells were fixed with 4"
VI56,C,C-stage,yes,no,NA,NA,NA,NA,NA,NA,NA,no,NA,unknown,no,yes,Primary Isolation/infection (sarbecoviruses (bat)),CPE / other,cpe-assistant,2026-09-19,"Culture NC language appears only in wrong-stage context (assay/IF/serology/animal). Quotes: amsters were intranasally inoculated with either CoV/Bat54, SARS-CoV-2, or PBS (Mock), and monitored daily for clinical signs and body weight changes up to 14 dpi ( A ). On 14 dpi,"
VI57,A,NA,yes,yes,yes,yes,yes,yes,yes,yes,explicit,yes,yes,unknown,no,no,QBV infection assays on Vero/C6/36 with mock-infected wells,CPE / growth (mock vs infected),cpe-assistant,2026-09-19,Methods: monolayers infected with QBV or mock infected with 2% FBS media; mock wells use 2% FBS L-15 instead of virus; inoculum replaced with maintenance medium. Isolation-stage matched NC including M3.
VI58,B,NA,yes,yes,yes,unknown,unknown,unknown,unknown,yes,NA,unknown,unknown,unknown,no,yes,Isolation/infection (Japanese encephalitis virus (JEV)),CPE / morphology,cpe-assistant,2026-09-19,"Isolation-stage NC mentioned; M2/M3 (serum) not verifiable from methods. Snip: oup) were inoculated with 10 4 PFU virus via the intracerebral route and observed for 16 days. As a mock-infected control, PBS was inoculated in each study. 2.7. Sequence Analysis RNA was extracted from virus-infected C6/36 cells using the "
VI59,B,NA,yes,yes,yes,unknown,unknown,unknown,unknown,yes,NA,unknown,unknown,unknown,no,yes,Isolation/infection (BVDV-1c),CPE / morphology,cpe-assistant,2026-09-19,"Isolation-stage NC mentioned; M2/M3 (serum) not verifiable from methods. Snip:  detection of BVDV RNA in the cell culture supernatants, whereas no amplification was obtained from mock-inoculated control cultures maintained in parallel ( Figure 5 ). The isolated virus, designated as QH-PSYL-2026, was subsequently subje"
VI60,B,NA,yes,yes,yes,unknown,unknown,unknown,unknown,yes,NA,unknown,unknown,unknown,no,yes,Isolation/infection (PIV5 (parainfluenza virus 5)),CPE / morphology,cpe-assistant,2026-09-19,"Isolation-stage NC mentioned; M2/M3 (serum) not verifiable from methods. Snip: g was clearly observed in PIV5-infected Vero cells ( Figure 1 D), whereas no signal was detected in mock-infected controls. Analysis of the multi-step growth curve showed that the PIV5 strain replicated rapidly between 24 and 72 h post-infe"
VI61,D,NA,no,no,NA,NA,NA,NA,NA,NA,NA,no,NA,no,no,no,Bat PMV isolation/infection; uninfected cells as IF negative control,IF / culture,cpe-assistant,2026-09-19,Re-audit: prior B lacked Isolation-stage culture NC; animal/assay control language only or none. → D.
VI62,D,NA,no,no,NA,NA,NA,NA,NA,NA,NA,no,NA,no,no,no,Primary Isolation/infection (human adenovirus),CPE,cpe-assistant,2026-09-19,No culture-level mock/uninfected/negative-control wells described for Isolation/infection culture work.
VI63,B,NA,yes,yes,yes,unknown,unknown,unknown,unknown,yes,NA,unknown,unknown,unknown,no,yes,Isolation/infection (PRRSV-1 and PRRSV-2),CPE / morphology,cpe-assistant,2026-09-19,"Isolation-stage NC mentioned; M2/M3 (serum) not verifiable from methods. Snip:  Ltd. Five pigs were assigned to the AHB1- and Chah2022-inoculated groups, and three pigs served as mock-infected controls. The three groups were housed in three separate rooms under the same experimental conditions. Each piglet was conside"
VI64,D,NA,no,no,NA,NA,NA,NA,NA,NA,NA,no,NA,no,no,no,Primary Isolation/infection (HAdV-55),CPE,cpe-assistant,2026-09-19,No culture-level mock/uninfected/negative-control wells described for Isolation/infection culture work.
VI65,D,NA,no,no,NA,NA,NA,NA,NA,NA,NA,no,NA,no,no,no,Primary Isolation/infection (mumps virus),CPE,cpe-assistant,2026-09-19,No culture-level mock/uninfected/negative-control wells described for Isolation/infection culture work.
VI66,D,NA,no,no,NA,NA,NA,NA,NA,NA,NA,no,NA,no,no,no,Isolation/infection (fowl adenovirus (FAdV)),CPE / morphology,cpe-assistant,2026-09-19,Re-audit: prior B lacked Isolation-stage culture NC; animal/assay control language only or none. → D.
VI67,B,NA,yes,yes,yes,unknown,unknown,unknown,unknown,yes,NA,unknown,unknown,unknown,no,yes,Virus infection experiments with mock/uninfected mentions,CPE / IF,cpe-assistant,2026-09-19,Mock/uninfected present; serum trajectory for NC not verified → B.
VI68,D,NA,no,no,NA,NA,NA,NA,NA,NA,NA,no,NA,no,no,no,Primary Isolation/infection (camelpox virus),CPE,cpe-assistant,2026-09-19,No culture-level mock/uninfected/negative-control wells described for Isolation/infection culture work.
VI69,D,NA,no,no,NA,NA,NA,NA,NA,NA,NA,no,NA,no,no,no,Primary Isolation/infection (African swine fever virus (ASFV)),CPE,cpe-assistant,2026-09-19,No culture-level mock/uninfected/negative-control wells described for Isolation/infection culture work.
VI70,D,NA,no,no,NA,NA,NA,NA,NA,NA,NA,no,NA,no,no,no,FAdV isolation/propagation on LMH,CPE,cpe-assistant,2026-09-19,"Negative control language is ELISA serum NC, not culture Isolation NC."
VI71,D,NA,no,no,NA,NA,NA,NA,NA,NA,NA,no,NA,no,no,no,Primary Isolation/infection (poliovirus (Sabin type 1 D-antigen assays)),CPE,cpe-assistant,2026-09-19,No culture-level mock/uninfected/negative-control wells described for Isolation/infection culture work.
VI72,D,NA,no,no,NA,NA,NA,NA,NA,NA,NA,no,NA,no,no,no,Isolation/infection (SARS-CoV-2),CPE / morphology,cpe-assistant,2026-09-19,Re-audit: prior B lacked Isolation-stage culture NC; animal/assay control language only or none. → D.
VI73,D,NA,no,no,NA,NA,NA,NA,NA,NA,NA,no,NA,no,no,no,Primary Isolation/infection (HSV-1),CPE,cpe-assistant,2026-09-19,No culture-level mock/uninfected/negative-control wells described for Isolation/infection culture work.
VI74,B,NA,yes,yes,yes,unknown,unknown,unknown,unknown,yes,NA,unknown,unknown,unknown,no,yes,DENV-2 Isolation; untreated C6/36 morphology negative control,CPE / morphology,cpe-assistant,2026-09-19,Results: untreated C6/36 (negative control) maintained normal morphology vs serum/DENV. Matched infection medium for untreated arm not methods-defined → B.
VI75,D,NA,no,no,NA,NA,NA,NA,NA,NA,NA,no,NA,no,no,no,Primary Isolation/infection (mosquito-borne alphaviruses (Zambia)),CPE,cpe-assistant,2026-09-19,No culture-level mock/uninfected/negative-control wells described for Isolation/infection culture work.
VI76,B,NA,yes,yes,yes,unknown,unknown,unknown,unknown,yes,NA,unknown,unknown,unknown,no,yes,Isolation/infection (covert mortality nodavirus (CMNV)),CPE / morphology,cpe-assistant,2026-09-19,"Isolation-stage NC mentioned; M2/M3 (serum) not verifiable from methods. Snip: t an MOI of 0.001, the mock group received an equal volume of CMNV-negative shrimp extract, and the blank control group received an equal volume of PBS. A background blank group (medium only, without cells) was also included for background "
VI77,B,NA,yes,yes,yes,unknown,unknown,unknown,yes,yes,NA,unknown,unknown,unknown,yes,no,PDCoV isolation/passage on LLC-PK with NC wells without virus,CPE,cpe-assistant,2026-09-19,During passage positive and negative control wells without virus inoculation included; mock-infected also for IF. Medium for NC wells not restated → B.
VI78,D,NA,no,no,NA,NA,NA,NA,NA,NA,NA,no,NA,no,no,no,Primary Isolation/infection (FAdV-4),CPE,cpe-assistant,2026-09-19,No culture-level mock/uninfected/negative-control wells described for Isolation/infection culture work.
VI79,B,NA,yes,yes,yes,unknown,unknown,unknown,unknown,yes,NA,unknown,unknown,unknown,no,yes,Isolation/infection (RSV),CPE / morphology,cpe-assistant,2026-09-19,Isolation-stage NC mentioned; M2/M3 (serum) not verifiable from methods. Snip: 6 h post-infection (hpi). RSV infection induced a time-dependent increase in EMV levels compared to uninfected controls. EMVs released by infected BEAS-2B and A549 cells contained increasing levels of RSV nucleocapsid protein (RSV-NP) and v
VI80,D,NA,no,no,NA,NA,NA,NA,NA,NA,NA,no,NA,no,no,no,Primary Isolation/infection (H3NX avian influenza),CPE,cpe-assistant,2026-09-19,No culture-level mock/uninfected/negative-control wells described for Isolation/infection culture work.
VI81,D,NA,no,no,NA,NA,NA,NA,NA,NA,NA,no,NA,no,no,no,Isolation/infection (FAdV),CPE / morphology,cpe-assistant,2026-09-19,Re-audit: prior B lacked Isolation-stage culture NC; animal/assay control language only or none. → D.
VI82,B,NA,yes,yes,yes,unknown,unknown,unknown,unknown,yes,NA,unknown,unknown,unknown,no,yes,Isolation/infection (nervous necrosis virus (NNV)),CPE / morphology,cpe-assistant,2026-09-19,"Isolation-stage NC mentioned; M2/M3 (serum) not verifiable from methods. Snip: cted at 15°C showed VER signs. In addition, neither mortalities nor the NNV genome were detected in mock-infected fish. 3.3. Prediction of the Secondary Structure of 5′ and 3′ NCR of RNA1 and RNA2 of Strain Ssc1002.21 As we had already sequ"
VI83,B,NA,yes,yes,yes,unknown,unknown,unknown,unknown,yes,NA,unknown,unknown,unknown,no,yes,Isolation/infection (CPV-2c (canine parvovirus)),CPE / morphology,cpe-assistant,2026-09-19,"Isolation-stage NC mentioned; M2/M3 (serum) not verifiable from methods. Snip: rate was added, and the reaction was stopped with the stop solution. Absorbance was read at 450 nm. Negative control wells were included, and at least three independent experiments were performed. 2.13. Computer-Aided Structural Modeling an"
VI84,D,NA,no,no,NA,NA,NA,NA,NA,NA,NA,no,NA,no,no,no,Primary Isolation/infection (porcine teschovirus 2 (PTV-2)),CPE,cpe-assistant,2026-09-19,No culture-level mock/uninfected/negative-control wells described for Isolation/infection culture work.
VI85,C,C-mismatch,yes,yes,yes,unknown,no,unknown,yes,yes,NA,yes,yes,unknown,no,yes,FeAstV isolation on F81; parallel PBS negative controls for CPE,CPE,cpe-assistant,2026-09-19,"Infected wells: adsorb then DMEM+2% FBS. Quote: ""Parallel negative controls were maintained using sterile phosphate-buffered saline."" Conservative reading = M3 mismatch (PBS maintenance vs 2% FBS), not matched inoculum-only contrast. ambiguous A vs C → C."
VI86,D,NA,no,no,NA,NA,NA,NA,NA,NA,NA,no,NA,no,no,no,Primary Isolation/infection (Duck Tembusu virus (DTMUV)),CPE,cpe-assistant,2026-09-19,No culture-level mock/uninfected/negative-control wells described for Isolation/infection culture work.
VI87,B,NA,yes,yes,yes,unknown,unknown,unknown,unknown,yes,NA,unknown,unknown,unknown,no,yes,Isolation/infection (novel duck orbivirus),CPE / morphology,cpe-assistant,2026-09-19,"Isolation-stage NC mentioned; M2/M3 (serum) not verifiable from methods. Snip: n, ultimately affecting about 80% of the monolayer by the fifth passage ( Figure 1 D). In contrast, mock-infected control cells maintained a normal morphology throughout the experiment ( Figure 1 E). These findings confirm the successful is"
VI88,D,NA,no,no,NA,NA,NA,NA,NA,NA,NA,no,NA,no,no,no,Primary Isolation/infection (vaccine-like recombinant virus (cellular tropism s),CPE,cpe-assistant,2026-09-19,No culture-level mock/uninfected/negative-control wells described for Isolation/infection culture work.
VI89,D,NA,no,no,NA,NA,NA,NA,NA,NA,NA,no,NA,no,no,no,Primary Isolation/infection (FHV-1 (MLV strain F2 clinical re-isolation)),CPE,cpe-assistant,2026-09-19,No culture-level mock/uninfected/negative-control wells described for Isolation/infection culture work.
VI90,D,NA,no,no,NA,NA,NA,NA,NA,NA,NA,no,NA,no,no,no,Primary Isolation/infection (HSV-2 (primary clinical isolate)),CPE,cpe-assistant,2026-09-19,No culture-level mock/uninfected/negative-control wells described for Isolation/infection culture work.
VI91,B,NA,yes,yes,yes,unknown,unknown,unknown,unknown,yes,NA,unknown,unknown,unknown,no,yes,Isolation/infection (RSV / measles (secondary infection metho),CPE / morphology,cpe-assistant,2026-09-19,"Isolation-stage NC mentioned; M2/M3 (serum) not verifiable from methods. Snip: 3 (12 h MeV), 4–6 (12 h RSV), 7–9 (24 h MeV), and 10–12 (24 h RSV) clustered together and away from mock infected cells (samples 13–14) suggesting that the sncRNA response to MeV or RSV infection is distinct from mock infected cells. In add"
VI92,B,NA,yes,yes,yes,unknown,unknown,unknown,unknown,yes,NA,unknown,unknown,unknown,no,yes,Isolation/infection (DENV (antiviral NDGA study)),CPE / morphology,cpe-assistant,2026-09-19,"Isolation-stage NC mentioned; M2/M3 (serum) not verifiable from methods. Snip: a non-cytotoxic concentration: 90 µM), all prepared in a semisolid medium and incubated for 5 days. Uninfected cells treated with NDGA were used as the cytotoxicity control (TC), whereas infected cells without treatment served as VC. Residu"
VI93,A,NA,yes,yes,yes,yes,yes,yes,yes,yes,explicit,yes,unknown,unknown,yes,no,DENV-2 infection of cells with blank uninfected control under identical conditions,CPE / morphology,cpe-assistant,2026-09-19,Methods: Both uninfected (blank control) and virus-infected groups maintained under identical culture conditions at 37C/5% CO2; morphology observed daily. Explicit identical-conditions NC → A.
VI94,D,NA,no,no,NA,NA,NA,NA,NA,NA,NA,no,NA,no,no,no,Primary Isolation/infection (PDCoV-related viruses (house sparrows)),CPE,cpe-assistant,2026-09-19,No culture-level mock/uninfected/negative-control wells described for Isolation/infection culture work.
VI200,D,NA,no,no,NA,NA,NA,NA,NA,NA,NA,no,NA,no,no,no,Primary Isolation/infection (enteroviruses (groundwater concentrates)),CPE,cpe-assistant,2026-09-19,No culture-level mock/uninfected/negative-control wells described for Isolation/infection culture work.
VI201,D,NA,no,no,NA,NA,NA,NA,NA,NA,NA,no,NA,no,no,no,Primary Isolation/infection (TGEV),CPE,cpe-assistant,2026-09-19,No culture-level mock/uninfected/negative-control wells described for Isolation/infection culture work.
VI202,D,NA,no,no,NA,NA,NA,NA,NA,NA,NA,no,NA,no,no,no,Primary Isolation/infection (TGEV),CPE,cpe-assistant,2026-09-19,No culture-level mock/uninfected/negative-control wells described for Isolation/infection culture work.
VI203,B,NA,yes,yes,yes,unknown,unknown,unknown,unknown,yes,NA,unknown,unknown,unknown,no,yes,Isolation/infection (HSV (shell vial)),CPE / morphology,cpe-assistant,2026-09-19,"Isolation-stage NC mentioned; M2/M3 (serum) not verifiable from methods. Snip: tab HSV-1 (McIntyre) infected HCE . Note the virus-infected cells showing apple green fluorescence. Uninfected cells are stained red due to the counterstain. Indirect immunofluorescence assay, × 400. Figure 4. Open in a new tab HSV-1(McInty"
VI204,D,NA,no,no,NA,NA,NA,NA,NA,NA,NA,no,NA,no,no,no,Primary Isolation/infection (HSV; HCMV),CPE,cpe-assistant,2026-09-19,No culture-level mock/uninfected/negative-control wells described for Isolation/infection culture work.
VI205,D,NA,no,no,NA,NA,NA,NA,NA,NA,NA,no,NA,no,no,no,Primary Isolation/infection (HSV-1 SC16; HSV-2 G),CPE,cpe-assistant,2026-09-19,No culture-level mock/uninfected/negative-control wells described for Isolation/infection culture work.
VI206,D,NA,no,no,NA,NA,NA,NA,NA,NA,NA,no,NA,no,no,no,Isolation/infection (measles (SSPE vs wild-type)),CPE / morphology,cpe-assistant,2026-09-19,Re-audit: mock/uninfected language is animal-arm or non-culture; no Isolation-stage culture NC → D.
VI208,B,NA,yes,yes,yes,unknown,unknown,unknown,unknown,yes,NA,unknown,unknown,unknown,no,yes,Isolation/infection (human rhinovirus),CPE / morphology,cpe-assistant,2026-09-19,"Isolation-stage NC mentioned; M2/M3 (serum) not verifiable from methods. Snip: ent aliquot collected until ::: : : ~il !ii~ the cpe was complete. oQ. ... ~ ~ 25 - ~ 2 Medium from uninfected cells disrupted by soni- cation attracted a mean of 20 ± 3 PMNLs/lO hpf :::::: 1 1 1~' :1""111: (P < .0001 compared with medium fr"
VI209,D,NA,no,no,NA,NA,NA,NA,NA,NA,NA,no,NA,no,no,no,Primary Isolation/infection (IBR/BHV-1),CPE,cpe-assistant,2026-09-19,No culture-level mock/uninfected/negative-control wells described for Isolation/infection culture work.
VI210,D,NA,no,no,NA,NA,NA,NA,NA,NA,NA,no,NA,no,no,no,Isolation/infection (rat coronavirus (sialodacryoadenitis-rel),CPE / morphology,cpe-assistant,2026-09-19,Re-audit: mock/uninfected language is animal-arm or non-culture; no Isolation-stage culture NC → D.
VI211,B,NA,yes,yes,yes,unknown,unknown,unknown,unknown,yes,NA,unknown,unknown,unknown,no,yes,Isolation/infection (human coronavirus 229E / related coronav),CPE / morphology,cpe-assistant,2026-09-19,Isolation-stage NC mentioned; M2/M3 (serum) not verifiable from methods. Snip:  interference was detected in cultures of L 132 and S-3 HeLa cells. SFV was titrated in parallel in uninoculated cultures and in cultures which had been challenged 3 days previously with 229-E virus. The titre was reduced in these latter cu
VI212,D,NA,no,no,NA,NA,NA,NA,NA,NA,NA,no,NA,no,no,no,Isolation/infection (enteroviruses (faecal isolation)),CPE / morphology,cpe-assistant,2026-09-19,Re-audit: prior B lacked Isolation-stage culture NC; animal/assay control language only or none. → D.
VI214,D,NA,no,no,NA,NA,NA,NA,NA,NA,NA,no,NA,no,no,no,Primary Isolation/infection (human respiratory coronavirus),CPE,cpe-assistant,2026-09-19,No culture-level mock/uninfected/negative-control wells described for Isolation/infection culture work.
VI215,B,NA,yes,yes,yes,unknown,unknown,unknown,unknown,yes,NA,unknown,unknown,unknown,no,yes,ISAV replication in CHSE-214; uninfected flask control,CPE / titer,cpe-assistant,2026-09-19,Five flasks infected and one uninfected flask as control for U5575-1 replication time course. Medium match for uninfected flask not restated → B.
VI216,D,NA,no,no,NA,NA,NA,NA,NA,NA,NA,no,NA,no,no,no,Primary Isolation/infection (SARS-CoV 2003VA2774),CPE,cpe-assistant,2026-09-19,No culture-level mock/uninfected/negative-control wells described for Isolation/infection culture work.
VI217,B,NA,yes,yes,yes,unknown,unknown,unknown,unknown,yes,NA,unknown,unknown,unknown,no,yes,Isolation/infection (PIV-3; PRCV),CPE / morphology,cpe-assistant,2026-09-19,Isolation-stage NC mentioned; M2/M3 (serum) not verifiable from methods. Snip: as washed with PBS and further incubated in MEM until a cytophatic effect was visible (about 48 h). Uninfected cells were incubated with the test substances alone to evaluate their cytotoxicity. The inhibition of the cytopathic effect was a
VI218,D,NA,no,no,NA,NA,NA,NA,NA,NA,NA,no,NA,no,no,no,Primary Isolation/infection (enteroviruses; adenoviruses),CPE,cpe-assistant,2026-09-19,No culture-level mock/uninfected/negative-control wells described for Isolation/infection culture work.
VI219,B,NA,yes,yes,yes,unknown,unknown,unknown,unknown,yes,NA,unknown,unknown,unknown,no,yes,Isolation/infection (PEDV),CPE / morphology,cpe-assistant,2026-09-19,"Isolation-stage NC mentioned; M2/M3 (serum) not verifiable from methods. Snip:  times with 2 ml of MEM. The cell cultures were fed with 2 ml per well of MM. Control cultures were mock-inoculated with the same volume of MM instead of viral inoculum. If no cytopathic effect (CPE) was detected within 7 days, five blind p"
VI220,B,NA,yes,yes,yes,unknown,unknown,unknown,unknown,yes,NA,unknown,unknown,unknown,no,yes,Isolation/infection (JEV; YFV (glycoprotein study)),CPE / morphology,cpe-assistant,2026-09-19,"Isolation-stage NC mentioned; M2/M3 (serum) not verifiable from methods. Snip: ld not be immunoprecipitated from radiolabeled ished release of NSl and NSl’ (Fig. 4). Furthermore, uninfected cells, and the radiolabeled material present treatment with tunicamycin appeared to alter the ratio in the dye front of the gels "
VI221,B,NA,yes,yes,yes,unknown,unknown,unknown,unknown,yes,NA,unknown,unknown,unknown,no,yes,Myxovirus/hepatitis culture; uninoculated control cultures,CPE / morphology,cpe-assistant,2026-09-19,Uninoculated control cultures and controls inoculated with non-hepatitis sera; also control cultures on regular MEM-2CS in IUdR experiment. Isolation-stage NC present; serum match incompletely specified → B.
VI222,D,NA,no,no,NA,NA,NA,NA,NA,NA,NA,no,NA,no,no,no,Chikungunya infectious-center assay on BHK,IF foci,cpe-assistant,2026-09-19,"""Uninfected cell monolayers"" are assay substrates receiving infected cells, not parallel negative culture controls for Isolation CPE."
VI223,D,NA,no,no,NA,NA,NA,NA,NA,NA,NA,no,NA,no,no,no,Isolation/infection (rabies (street strain)),CPE / morphology,cpe-assistant,2026-09-19,Re-audit: prior B lacked Isolation-stage culture NC; animal/assay control language only or none. → D.
VI224,D,NA,no,no,NA,NA,NA,NA,NA,NA,NA,no,NA,no,no,no,Primary Isolation/infection (FIPV (DF2)),CPE,cpe-assistant,2026-09-19,No culture-level mock/uninfected/negative-control wells described for Isolation/infection culture work.
VI225,D,NA,no,no,NA,NA,NA,NA,NA,NA,NA,no,NA,no,no,no,Virus Isolation (JSTAGE PDF),CPE,cpe-assistant,2026-09-19,Full PDF reviewed; no culture-level mock/uninfected NC for Isolation.
VI226,D,NA,no,no,NA,NA,NA,NA,NA,NA,NA,no,NA,no,no,no,Virus Isolation (Arch Razi PDF),CPE,cpe-assistant,2026-09-19,Full PDF reviewed; no culture-level mock/uninfected NC for Isolation.
VI227,B,NA,yes,yes,yes,unknown,unknown,unknown,unknown,yes,NA,unknown,unknown,unknown,no,yes,IBDV propagation; uninfected CER/Vero in figure panels,CPE,cpe-assistant,2026-09-19,Figure legends: CER/Vero uninfected cells vs CPE after IBDV propagation. Methods do not define matched maintenance medium for uninfected arm → B.
VI228,C,C-stage,yes,no,NA,NA,NA,NA,NA,NA,NA,no,NA,no,no,no,PRRSV isolation/serology on MARC-145,CPE / NT,cpe-assistant,2026-09-19,Uninfected MARC-145 used as negative control antigen for serology; uninoculated in-contact pig is animal arm — not Isolation-stage culture NC.
VI229,D,NA,no,no,NA,NA,NA,NA,NA,NA,NA,no,NA,no,no,no,Virus Isolation (JSTAGE PDF),CPE,cpe-assistant,2026-09-19,Full PDF reviewed; no culture-level mock/uninfected NC for Isolation.
VI230,D,NA,no,no,NA,NA,NA,NA,NA,NA,NA,no,NA,no,no,no,Primary Isolation/infection (influenza A/B (clinical NPA isolation)),CPE,cpe-assistant,2026-09-19,No culture-level mock/uninfected/negative-control wells described for Isolation/infection culture work.
VI231,D,NA,no,no,NA,NA,NA,NA,NA,NA,NA,no,NA,yes,no,yes,California encephalitis virus EM morphology on A. albopictus,EM ultrastructure,cpe-assistant,2026-09-19,Uninfected cultures shown for EM comparison of normal ultrastructure; not described as parallel Isolation-stage CPE NC under infection medium. Conservative D/ambiguous.
VI232,C,C-stage,yes,no,NA,NA,NA,NA,NA,NA,NA,no,NA,no,no,no,WNV antiviral PMO assays on Vero,titer / Rluc,cpe-assistant,2026-09-19,"Negative controls are scramble PMO / DMSO vehicle — assay controls, not Isolation-stage uninfected culture NC."
VI233,D,NA,no,no,NA,NA,NA,NA,NA,NA,NA,no,NA,no,no,no,Primary Isolation/infection (human rhinovirus (clinical)),CPE,cpe-assistant,2026-09-19,No culture-level mock/uninfected/negative-control wells described for Isolation/infection culture work.
VI99,D,NA,no,no,NA,NA,NA,NA,NA,NA,NA,no,NA,no,no,yes,PEDV Isolation/passage on Vero (HLJBY),CPE / morphology,cpe-assistant,2026-09-19,Full PDF: Vero grown 8% FBS / maintained 2% FBS; CPE described. Sham/mock language is animal piglet arm only — no culture-level mock/uninfected NC for Isolation. → D.
VI105,D,NA,no,no,NA,NA,NA,NA,NA,NA,NA,no,NA,no,no,yes,HRV Isolation HEL vs HeLa susceptibility,CPE / morphology,cpe-assistant,2026-09-19,Full PDF screened; no culture-level mock/uninfected/negative-control wells for Isolation. → D.
VI109,D,NA,no,no,NA,NA,NA,NA,NA,NA,NA,no,NA,no,no,yes,Rabies Isolation on primary skunk/raccoon cells (chamber slides),CPE / morphology,cpe-assistant,2026-09-19,"PDF: “uninfected goat brain used as a control” is IF inoculum/antigen control, not parallel culture NC. No Isolation-stage culture NC. → D."
VI110,D,NA,no,no,NA,NA,NA,NA,NA,NA,NA,no,NA,no,no,yes,Parainfluenza Isolation (Antarctic field vials),CPE / morphology,cpe-assistant,2026-09-19,"PDF: “uninoculated and inoculated cultures” refers to transport-vest temperature maintenance, not NC wells. Specimens inoculated into duplicate cultures; no culture NC. → D."
VI111,B,NA,yes,yes,yes,unknown,unknown,unknown,unknown,yes,NA,yes,partial,yes,no,yes,Crohn disease inoculum CPE on HeLa/MRC5,CPE / morphology,cpe-assistant,2026-09-19,Figure: HeLa “(a) control cells (b) CPE…”; text: control tissue cultures remained healthy longer. Isolation-stage uninoculated NC present. Universal 2% FCS maintenance stated for cell lines but not explicitly tied to control wells → M3 unknown → B.
VI112,D,NA,no,no,NA,NA,NA,NA,NA,NA,NA,no,NA,no,no,yes,HAV primary Isolation/propagation in primate cells,CPE / morphology,cpe-assistant,2026-09-19,"Full PDF: “negative control [N]” is radioimmunoassay P/N ratio, not culture Isolation NC. No mock/uninfected culture NC. → D."
VI115,D,NA,no,no,NA,NA,NA,NA,NA,NA,NA,no,NA,no,no,yes,CMV Isolation/characterization (AIDS isolates),CPE / morphology,cpe-assistant,2026-09-19,Full PDF: MEM 5%→2% FCS; no culture-level mock/uninfected NC for Isolation. → D.
VI118,D,NA,no,no,NA,NA,NA,NA,NA,NA,NA,no,NA,no,no,yes,HSV Isolation (Virocult transport evaluation),CPE / morphology,cpe-assistant,2026-09-19,Full PDF: DMEM 10%→2% FBS; no culture-level mock/uninfected NC for Isolation. → D.
VI121,A,NA,yes,yes,yes,yes,yes,yes,yes,yes,allowed_inference,yes,yes,yes,yes,no,Adenovirus/coxsackie Isolation in WI-38 microcultures (IFAT),IFAT / CPE morphology,cpe-assistant,2026-09-19,Methods: “The central culture served as an uninoculated control” on same slide as inoculated microcultures; cells maintained in L-15M (2% FCS); specimen wells receive L-15M. Allowed inference M1–M6 incl. M3. Positive stock-virus controls also present. Fig. uninfected WI-38 microculture.
VI234,D,NA,no,no,NA,NA,NA,NA,NA,NA,NA,no,NA,no,no,yes,HSV clinical Isolation: Omni Serum vs FBS maintenance,CPE / morphology,cpe-assistant,2026-09-19,"PMC full text: compares Omni vs FBS for HSV Isolation sensitivity. “Positive and negative” tubes = CPE+/CPE− specimen outcomes, not parallel NC wells. No culture-level mock/uninfected NC. → D."
VI235,D,NA,no,no,NA,NA,NA,NA,NA,NA,NA,no,NA,no,no,yes,ZIKV Isolation via mosquito inoculation then C6/36 passages,CPE / morphology,cpe-assistant,2026-09-19,PLOS ONE PDF: un-inoculated mosquitoes as NC for mosquito inoculation; PCR NTC. C6/36 culture Isolation/passage has no culture-level mock/uninfected NC. → D.
VI236,D,NA,no,no,NA,NA,NA,NA,NA,NA,NA,no,NA,no,no,yes,YFV Isolation from mosquito pools (Vero/C6/36; EID appendix),CPE / morphology,cpe-assistant,2026-09-19,EID appendix PDF: after adsorption MEM+1% FBS (Vero) / L-15+2% FBS (C6/36); observe CPE 7d. No culture-level mock/uninfected NC described. → D.
VI237,D,NA,no,no,NA,NA,NA,NA,NA,NA,NA,no,NA,no,no,yes,WNV Isolation on Vero (protocols.io clinical isolation),CPE / morphology,cpe-assistant,2026-09-19,Protocol text (protocols.io/DOI): inoculate PCR+ clinical sample on Vero; add DMEM+5% FBS; no mock/uninfected culture NC stated. → D.
VI239,D,NA,no,no,NA,NA,NA,NA,NA,NA,NA,no,NA,no,no,yes,Influenza H3N2 Isolation on MDCK (storage conditions study),CPE / morphology,cpe-assistant,2026-09-19,Landing-page abstract only accessible (full PDF blocked). Abstract describes MDCK Isolation; no culture NC mentioned. Conservative D (methods incomplete).
VI240,D,NA,no,no,NA,NA,NA,NA,NA,NA,NA,no,NA,no,no,yes,Ophthalmic virus primary Isolation (HEK/Hep2/HEI comparison),CPE / morphology,cpe-assistant,2026-09-19,Abstract-only (BJO full PDF paywalled). No culture NC mentioned. Same McSwiggan 1981 paper as VI241/VI242 (serum-type dual arms). → D.
VI241,D,NA,no,no,NA,NA,NA,NA,NA,NA,NA,no,NA,no,no,yes,Ophthalmic virus primary Isolation (McSwiggan; NBCS serum-type arm),CPE / morphology,cpe-assistant,2026-09-19,Same paper as VI240; abstract-only; no culture NC. → D.
VI242,D,NA,no,no,NA,NA,NA,NA,NA,NA,NA,no,NA,no,no,yes,Ophthalmic virus primary Isolation (McSwiggan; 15% NBCS growth arm),CPE / morphology,cpe-assistant,2026-09-19,Same paper as VI240; abstract-only; no culture NC. → D.
VI243,D,NA,no,no,NA,NA,NA,NA,NA,NA,NA,no,NA,no,no,yes,Bovine enterovirus dairy-herd Isolation (1962 JDS),CPE / morphology,cpe-assistant,2026-09-19,Full text not retrieved (JDS paywall). Abstract/notes in dual CSV have no culture NC language. Conservative D pending PDF.
VI244,C,C-stage,yes,no,NA,NA,NA,NA,NA,NA,NA,no,NA,unknown,no,yes,CMV early antigen detection (flow cytometry; FLOW 2000),CPE / morphology,cpe-assistant,2026-09-19,"Abstract: viral antigen measured in infected or uninfected cells — assay baseline for flow cytometry, not Isolation-stage parallel culture NC for CPE. → C-stage."
VI245,D,NA,no,no,NA,NA,NA,NA,NA,NA,NA,no,NA,no,no,yes,Influenza/hMPV/PIV isolation methods chapter (Lednicky & Wyatt),CPE / morphology,cpe-assistant,2026-09-19,"IntechOpen chapter: prescribes “non-infected cultures (negative controls) should be maintained…” — recommendation language, not documentation that a scored Isolation experiment ran matched NC. Conservative D (no performed-NC evidence)."
VI246,D,NA,no,no,NA,NA,NA,NA,NA,NA,NA,no,NA,no,no,yes,FMDV Isolation ZZ-R 127 vs LFBK-αVβ6 clinical samples,CPE / morphology,cpe-assistant,2026-09-19,PubMed abstract: cell-line sensitivity comparison for FMDV Isolation; no culture-level mock/uninfected NC mentioned. → D.
VI247,C,C-stage,yes,no,NA,NA,NA,NA,NA,NA,NA,no,NA,yes,no,yes,SARS-CoV-2 clinical Isolation + antiviral/plaque protocol on Vero E6,CPE / plaque,cpe-assistant,2026-09-19,"EPMC full text: Isolation mixes uninfected cells only for co-culture passage. Non-infected control is for plaque titration (2.5% FBS DMEM), not Isolation-stage parallel culture NC. → C-stage."
VI248,D,NA,no,no,NA,NA,NA,NA,NA,NA,NA,no,NA,no,no,yes,SARS-CoV-2 clinical Isolation on VeroE6/TMPRSS2 (NIID),CPE / morphology,cpe-assistant,2026-09-19,OA full text screened; no culture-level mock/uninfected/negative-control wells for Isolation. → D.
VI249,D,NA,no,no,NA,NA,NA,NA,NA,NA,NA,no,NA,no,no,yes,IAV Isolation exhibition swine MDCK (SFM),CPE / morphology,cpe-assistant,2026-09-19,Abstract/EPMC metadata only (Sage paywall). No culture NC language in available text. Conservative D.
VI250,D,NA,no,no,NA,NA,NA,NA,NA,NA,NA,no,NA,no,no,yes,Influenza vaccine-seed Isolation MDCK/LLC-MK2 OptiPRO,CPE / morphology,cpe-assistant,2026-09-19,PMC full text screened; no culture-level mock/uninfected NC for Isolation. → D.
VI251,D,NA,no,no,NA,NA,NA,NA,NA,NA,NA,no,NA,no,no,yes,RSV Isolation from NPA on HEp-2 (Fiocruz/SciELO),CPE / morphology,cpe-assistant,2026-09-19,SciELO full text blocked (403/timeout) this pass; dual quotes have no NC language. Conservative D; backlog for PDF.
VI252,D,NA,no,no,NA,NA,NA,NA,NA,NA,NA,no,NA,no,no,yes,Paramyxovirus primary Isolation on NCI-H292 (Hierholzer),CPE / morphology,cpe-assistant,2026-09-19,EuropePMC text screened; no culture-level mock/uninfected NC for Isolation. → D.
VI253,B,NA,yes,yes,yes,unknown,unknown,unknown,unknown,yes,NA,yes,yes,yes,no,yes,hMPV clinical Isolation on Vero E6 (Yamagata),CPE / morphology,cpe-assistant,2026-09-19,Fig.1 uninfected Vero E6 panel vs hMPV CPE. Isolation-stage uninfected comparator present; methods define trypsin MM for plate wells but do not explicitly define matched protocol for uninfected arm → M3 unknown → B.
VI254,D,NA,no,no,NA,NA,NA,NA,NA,NA,NA,no,NA,no,no,no,HEF microplate respiratory Isolation (JJID2019),CPE / morphology,cpe-assistant,2026-09-19,Mizuta JJID 2019 full PDF: microplate Isolation SOP Table 1; no culture-level mock/uninfected/negative-control wells described. → D.
VI255,D,NA,no,no,NA,NA,NA,NA,NA,NA,NA,no,NA,no,no,no,HEp-2 microplate respiratory Isolation (JJID2019),CPE / morphology,cpe-assistant,2026-09-19,Mizuta JJID 2019 full PDF: microplate Isolation SOP Table 1; no culture-level mock/uninfected/negative-control wells described. → D.
VI256,D,NA,no,no,NA,NA,NA,NA,NA,NA,NA,no,NA,no,no,no,MDCK microplate influenza Isolation (JJID2019),CPE / morphology,cpe-assistant,2026-09-19,Mizuta JJID 2019 full PDF: microplate Isolation SOP Table 1; no culture-level mock/uninfected/negative-control wells described. → D.
VI257,D,NA,no,no,NA,NA,NA,NA,NA,NA,NA,no,NA,no,no,no,GMK microplate enterovirus Isolation (JJID2019),CPE / morphology,cpe-assistant,2026-09-19,Mizuta JJID 2019 full PDF: microplate Isolation SOP Table 1; no culture-level mock/uninfected/negative-control wells described. → D.
VI258,D,NA,no,no,NA,NA,NA,NA,NA,NA,NA,no,NA,no,no,no,LLC-MK2-N PeV Isolation no-trypsin (JJID2019),CPE / morphology,cpe-assistant,2026-09-19,Mizuta JJID 2019 full PDF: microplate Isolation SOP Table 1; no culture-level mock/uninfected/negative-control wells described. → D.
VI259,D,NA,no,no,NA,NA,NA,NA,NA,NA,NA,no,NA,no,no,no,LLC-MK2-N PIV Isolation trypsin MM (JJID2019),CPE / morphology,cpe-assistant,2026-09-19,Mizuta JJID 2019 full PDF: microplate Isolation SOP Table 1; no culture-level mock/uninfected/negative-control wells described. → D.
VI260,D,NA,no,no,NA,NA,NA,NA,NA,NA,NA,no,NA,no,no,no,RD-A EV-D68/CV-A6 Isolation (JJID2019),CPE / morphology,cpe-assistant,2026-09-19,Mizuta JJID 2019 full PDF: microplate Isolation SOP Table 1; no culture-level mock/uninfected/negative-control wells described. → D.
VI261,D,NA,no,no,NA,NA,NA,NA,NA,NA,NA,no,NA,no,no,no,RD-18S-N Saffold Isolation (JJID2019),CPE / morphology,cpe-assistant,2026-09-19,Mizuta JJID 2019 full PDF: microplate Isolation SOP Table 1; no culture-level mock/uninfected/negative-control wells described. → D.
VI262,D,NA,no,no,NA,NA,NA,NA,NA,NA,NA,no,NA,no,no,no,HEF microplate respiratory Isolation (JJID2008),CPE / morphology,cpe-assistant,2026-09-19,Mizuta JJID 2008 full PDF: HHVe6MRG microplate Isolation; GM/MM Table 1; no culture-level mock/uninfected NC. → D.
VI263,D,NA,no,no,NA,NA,NA,NA,NA,NA,NA,no,NA,no,no,no,HEp-2/other microplate Isolation arm (JJID2008),CPE / morphology,cpe-assistant,2026-09-19,Mizuta JJID 2008 full PDF: HHVe6MRG microplate Isolation; GM/MM Table 1; no culture-level mock/uninfected NC. → D.
VI264,D,NA,no,no,NA,NA,NA,NA,NA,NA,NA,no,NA,no,no,yes,SFTSV tick-homogenate Isolation,CPE / morphology,cpe-assistant,2026-09-19,PMC full text screened; no culture-level mock/uninfected NC for Isolation. → D.
VI265,B,NA,yes,yes,yes,unknown,unknown,unknown,unknown,yes,NA,yes,yes,yes,no,yes,PPRV Isolation clinical tissues/swabs on Vero (Saurashtra),CPE / morphology,cpe-assistant,2026-09-19,Results: monolayer infected with sterile PBS (negative control) / Plate 1 uninfected Vero vs CPE. Isolation-stage PBS NC present. Methods add DMEM+2% FBS after inoculum then “maintenance medium” (serum % of MM not defined) → M3 not fully verifiable → B.
VI266,D,NA,no,no,NA,NA,NA,NA,NA,NA,NA,no,NA,no,no,yes,HRSV clinical Isolation (Prokopyeva JIDC),CPE / morphology,cpe-assistant,2026-09-19,Abstract/EPMC only (JIDC). No culture NC mentioned. Conservative D.
VI267,D,NA,no,no,NA,NA,NA,NA,NA,NA,NA,no,NA,no,no,yes,HPIV-1/3 Isolation on MNT-1,CPE / morphology,cpe-assistant,2026-09-19,Abstract/EPMC only (Microbiol Immunol). No culture NC mentioned. Conservative D.
VI268,D,NA,no,no,NA,NA,NA,NA,NA,NA,NA,no,NA,no,no,yes,FMDV clinical outbreak Isolation LFPK-αVβ6,CPE / morphology,cpe-assistant,2026-09-19,OA full text screened; no culture-level mock/uninfected NC for Isolation (Belsham hits are citations only). → D.
VI269,D,NA,no,no,NA,NA,NA,NA,NA,NA,NA,no,NA,no,no,yes,FMDV Isolation BHK-21 (FLI),CPE / morphology,cpe-assistant,2026-09-19,OA full text screened; no culture-level mock/uninfected NC for Isolation. → D.
VI270,D,NA,no,no,NA,NA,NA,NA,NA,NA,NA,no,NA,no,no,yes,Lymphocystivirus Isolation on BF2 (IFREMER DEA),CPE / morphology,cpe-assistant,2026-09-19,IFREMER PDF timed out / archive TLS fail this pass; dual FR quotes have no NC language. Conservative D; backlog for PDF.
VI271,D,NA,no,no,NA,NA,NA,NA,NA,NA,NA,no,NA,no,no,yes,Measles clinical Isolation Vero/hSLAM (CDC lab tool),CPE / morphology,cpe-assistant,2026-09-19,CDC URL 404/403 this pass; dual quotes (seed 10% FBS; inoculations DMEM+2% FBS) have no culture NC language. Guideline page scored D pending archive.
VI272,A,NA,yes,yes,yes,yes,yes,yes,yes,yes,allowed_inference,yes,yes,yes,no,no,Ranavirus (McRV) Isolation from wrasse spleen on BF-2,CPE / morphology,cpe-assistant,2026-09-19,Before inoculation all wells switched to maintenance L15+2% FBS+Anti-anti. Same-plate control wells inoculated with sterile culture medium (negative control); uninfected control monolayer imaged at 6 dpi; no CPE in controls. Allowed inference M1–M6 incl. M3.
VI273,D,NA,no,no,NA,NA,NA,NA,NA,NA,NA,no,NA,no,no,yes,NNV gonad homogenate on RTG-2 (amberjack),CPE / morphology,cpe-assistant,2026-09-19,"OA full text: “uninfected” refers to NNV-free fish specimens (animal/tissue arm), not culture Isolation NC. No culture-level mock wells. → D."
VI274,C,C-stage,yes,no,NA,NA,NA,NA,NA,NA,NA,no,NA,unknown,no,yes,IBDV LC-75 adaptation/titration on Vero,CPE / TCID50,cpe-assistant,2026-09-19,Column 12 “inoculated only with cells” = TCID50 plate NC; chick group NC and PCR/ELISA NCs are wrong stage. Isolation/adaptation inoculation methods lack parallel culture NC. → C-stage.
VI275,C,C-stage,yes,no,NA,NA,NA,NA,NA,NA,NA,no,NA,unknown,no,yes,PPRV in vitro Isolation + titration (multi primary kidney),CPE / titration,cpe-assistant,2026-09-19,Hanks’ solution devoid of virus as negative control is in Virus Titration section; primary Isolation methods (adsorb → DMEM+2% FBS MM) do not describe culture NC. → C-stage.
VI276,B,NA,yes,yes,yes,unknown,unknown,unknown,unknown,yes,NA,yes,yes,yes,no,yes,Bat MRV Isolation intestine on Vero-CCL-81,CPE / morphology,cpe-assistant,2026-09-19,Results/Fig.1: mock-infected cells normal morphology vs Isolation CPE. Isolation-stage mock present; methods do not define matched maintenance medium for mock arm → M3 unknown → B.
VI277,C,C-stage,yes,no,NA,NA,NA,NA,NA,NA,NA,no,NA,unknown,no,yes,DEV attenuation/passage on CEF,IF / neutralization / CPE,cpe-assistant,2026-09-19,"CEF without virus = IIFT negative control; cell control without virus in neutralization — assay-stage, not Isolation-stage culture NC for CPE under MM. → C-stage."
VI278,D,NA,no,no,NA,NA,NA,NA,NA,NA,NA,no,NA,no,no,yes,FAdV-8a Isolation/passage on LMH,CPE / morphology,cpe-assistant,2026-09-19,OA full text: negative controls are PCR water and animal vaccine group D — not Isolation culture NC. → D.
VI279,C,C-stage,yes,no,NA,NA,NA,NA,NA,NA,NA,no,NA,yes,no,yes,GETV variant Isolation from piglet brain; N2a/Vero culture,IF / animal / CPE,cpe-assistant,2026-09-19,Mock-treated cells used for IF infection-efficiency on N2a; mock inoculum in neonatal mouse arm. Not Isolation-stage parallel culture NC for primary brain Isolation/CPE under 2% FBS. → C-stage.
VI280,B,NA,yes,yes,yes,unknown,unknown,unknown,unknown,yes,NA,yes,yes,yes,no,yes,PEDV Isolation intestinal tissues on Vero,CPE / morphology,cpe-assistant,2026-09-19,Fig.3/results: mock-infected controls without CPE vs PEDV Isolation. Isolation-stage mock present; methods (adsorb → serum-free wash → trypsin MM) do not explicitly define mock medium → M3 unknown → B.
VI281,A,NA,yes,yes,yes,yes,yes,yes,yes,yes,explicit,yes,yes,yes,no,no,HEV infectivity/Isolation assay from pork pâté on A549-D3,IF antigen / culture infectivity,cpe-assistant,2026-09-19,Cells inoculated with virus extract or medium (negative control); after 1 h all washed and maintained in infection medium (maintenance +2% DMSO +5% FBS). Explicit same infection medium for NC. M1–M6 matched (equal-hold 5% FBS).
VI282,D,NA,no,no,NA,NA,NA,NA,NA,NA,NA,no,NA,no,no,yes,EBOV outbreak-variant culture on VeroE6 (disinfection study),CPE / morphology,cpe-assistant,2026-09-19,OA full text screened; no culture-level mock/uninfected NC for virus culture. → D.
VI283,D,NA,no,no,NA,NA,NA,NA,NA,NA,NA,no,NA,no,no,yes,PRRSV-2 culture on Marc-145 after inoculation,CPE / morphology,cpe-assistant,2026-09-19,OA full text screened; no culture-level mock/uninfected NC. → D.
VI284,D,NA,no,no,NA,NA,NA,NA,NA,NA,NA,no,NA,no,no,yes,Negevirus mosquito Isolation C6/36/Aag2,CPE / morphology,cpe-assistant,2026-09-19,OA full text screened; no culture-level mock/uninfected NC for Isolation. → D.
VI285,D,NA,no,no,NA,NA,NA,NA,NA,NA,NA,no,NA,no,no,yes,Feline SARS-CoV-2 primary Isolation on Vero E6,CPE / morphology,cpe-assistant,2026-09-19,OA full text: negative controls are PCR water / gel lanes — not Isolation culture NC. → D.
VI286,B,NA,yes,yes,yes,unknown,unknown,unknown,unknown,yes,NA,yes,yes,yes,no,yes,FPV Isolation from anal swab on CRFK; CPE characterization,CPE / morphology,cpe-assistant,2026-09-19,Fig.1 mock-infected control group vs FPV013 CPE; TCID50 diluent NC wells then DMEM+2% FBS to each well. Isolation-stage mock for morphology present; mock medium for Fig.1 arm not methods-defined → M3 unknown → B.
VI287,D,NA,no,no,NA,NA,NA,NA,NA,NA,NA,no,NA,no,no,yes,SARS-CoV-2 clinical swab Isolation Vero-E6-TMPRSS2,CPE / morphology,cpe-assistant,2026-09-19,OA full text: “uninfected” = human HC cohort; ELISA plate NCs — not Isolation culture NC. → D.
VI288,A,NA,yes,yes,yes,yes,yes,yes,yes,yes,allowed_inference,yes,yes,yes,no,no,CyHV-2 Isolation goldfish homogenate on FtGF,CPE / morphology,cpe-assistant,2026-09-19,"Isolation: control flasks received maintenance medium in place of tissue homogenate; after 1 h adsorption, L-15 + 2% FBS added to FtGF flasks (test and control). Fig.4 uninfected FtGF. Allowed inference M1–M6 incl. M3. (Titration also uses DPBS control wells + MM.)"
VI289,C,C-stage,yes,no,NA,NA,NA,NA,NA,NA,NA,no,NA,unknown,no,yes,JEV genotype culture/propagation for HA antigen,CPE / TCID50,cpe-assistant,2026-09-19,Wells inoculated with maintenance medium as NC are for TCID50 titration validity — not Isolation-stage NC for primary propagation/CPE under 2% FBS. Propagation section has no culture NC. → C-stage.
VI290,D,NA,no,no,NA,NA,NA,NA,NA,NA,NA,no,NA,no,no,yes,IAV Isolation pig tissue homogenate on MDCK,CPE / morphology,cpe-assistant,2026-09-19,OA full text screened; no culture-level mock/uninfected NC for Isolation. → D.
VI291,B,NA,yes,yes,yes,unknown,unknown,unknown,unknown,yes,NA,unknown,unknown,unknown,no,yes,Orthohantavirus Isolation plasma/PBMC on Vero E6,IFA / RT-qPCR / morphology,cpe-assistant,2026-09-19,"Methods: “In parallel, a flask of uninfected Vero-E6 cells was passaged as a control” during 28-day Isolation passages (infected flasks get MEM+2% FBS). Isolation-stage uninfected flask present; matched serum/timeline for uninfected arm not fully explicit → M3 unknown → B."
VI292,D,NA,no,no,NA,NA,NA,NA,NA,NA,NA,no,NA,no,no,yes,SARS-CoV-2 clinical Isolation multi cell systems,CPE / morphology,cpe-assistant,2026-09-19,"OA full text: “remained uninfected” = specimen outcome, not parallel culture NC. → D."
VI293,C,C-stage,yes,no,NA,NA,NA,NA,NA,NA,NA,no,NA,yes,no,yes,Rabies Flury HEP Vero adaptation,plaque / IF,cpe-assistant,2026-09-19,Mock-infected / medium-only negative controls are for plaque observation and IF/immunoblot of adapted stocks; mouse mock is animal arm. Not Isolation-stage NC for primary adaptation CPE under 2% FBS. → C-stage.
