descriptor_set,descriptor,IR1_A,IR1_B,IR1_BminusA,IR2_A,IR2_B,IR2_BminusA
CRO_Healthy,H_Look_Healthy,0.92,0.86,-0.06,0.04,0.06,0.02
CRO_Healthy,H_Mitotic_Bright,1.0,1.0,0.0,0.08,0.02,-0.06
CRO_Healthy,H_Adherent,1.0,1.0,0.0,0.04,0.06,0.02
CRO_Healthy,H_Elongated,1.0,1.0,0.0,0.28,0.24,-0.04
CRO_Healthy,H_Polygonal,0.98,1.0,0.02,0.22,0.06,-0.16
CRO_Healthy,H_Cytoplasmic_extensions,0.0,0.0,0.0,0.0,0.0,0.0
CRO_Healthy,H_well_defined_nuclei,0.0,0.0,0.0,0.02,0.0,-0.02
CPE,CPE_Cell_death_Dy,0.0,0.0,0.0,0.0,0.0,0.0
CPE,CPE_Rounded_Ro,1.0,1.0,0.0,0.1,0.02,-0.08
CPE,CPE_Ballooned_Enlarged_BE,0.0,0.0,0.0,0.0,0.0,0.0
CPE,CPE_Syncytia_Sy,0.0,0.0,0.0,0.0,0.0,0.0
CPE,CPE_Vacuolation_V,0.0,0.0,0.0,0.04,0.02,-0.02
CPE,CPE_Detachment_D,0.58,1.0,0.42,0.04,0.02,-0.02
CPE,CPE_Granularity_G,0.0,0.0,0.0,0.06,0.04,-0.02
CPE,CPE_Refractile_Re,1.0,1.0,0.0,0.26,0.5,0.24
CPE,CPE_Cytoplasmic_strands_CS,0.0,0.0,0.0,0.0,0.0,0.0
CPE,CPE_Nonspecific_degeneration_ND,0.0,0.0,0.0,0.0,0.0,0.0
AGG,mean_healthy_hit_count,4.9,4.86,-0.04,0.68,0.44,-0.24
AGG,mean_cpe_hit_count,2.58,3.0,0.42,0.5,0.6,0.1
AGG,any_healthy_term,1.0,1.0,0.0,0.44,0.3,-0.14
AGG,any_cpe_term,1.0,1.0,0.0,0.38,0.52,0.14
