path,id,IR2_Dy,IR2_Ro,IR2_V,IR2_D,IR2_G,IR2_Re,IR2_BE,IR2_Sy,IR2_CS,IR2_ND,blinded_id
1,101,1,1,1,0,1,1,0,0,1,0,CultureA_day1_01
1,102,1,0,1,1,1,1,0,0,1,0,CultureA_day1_02
1,103,1,0,1,0,1,1,0,0,1,0,CultureA_day1_03
1,104,1,0,1,0,1,1,0,0,1,0,CultureA_day1_04
1,105,1,0,1,0,1,0,0,0,1,0,CultureA_day1_05
1,106,1,0,1,0,1,0,0,0,1,0,CultureA_day1_06
1,107,1,0,1,0,1,0,0,0,1,0,CultureA_day1_07
1,108,1,1,1,0,1,1,0,0,1,0,CultureA_day1_08
1,109,1,0,1,0,1,1,0,0,1,0,CultureA_day1_09
1,110,1,0,1,0,1,0,0,0,1,0,CultureA_day1_10
1,201,0,0,1,0,1,0,0,0,1,0,CultureA_day2_01
1,202,1,0,1,0,1,0,0,0,1,0,CultureA_day2_02
1,203,0,0,1,0,1,0,0,0,1,0,CultureA_day2_03
1,204,1,0,1,0,1,0,0,0,1,0,CultureA_day2_04
1,205,1,0,1,0,1,0,0,0,1,0,CultureA_day2_05
1,206,1,0,1,0,1,1,0,0,1,0,CultureA_day2_06
1,207,1,0,1,0,1,0,0,0,1,0,CultureA_day2_07
1,208,1,0,1,0,1,1,0,0,1,0,CultureA_day2_08
1,209,1,0,1,0,1,0,0,0,1,0,CultureA_day2_09
1,210,1,0,1,0,1,0,0,0,1,0,CultureA_day2_10
1,301,0,0,1,0,1,0,0,0,1,0,CultureA_day3_01
1,302,0,0,1,0,1,0,0,0,1,0,CultureA_day3_02
1,303,1,0,1,0,1,0,0,0,1,0,CultureA_day3_03
1,304,1,0,1,0,1,0,0,0,1,0,CultureA_day3_04
1,305,0,0,1,0,1,0,0,0,1,0,CultureA_day3_05
1,306,1,0,1,0,1,1,0,0,1,0,CultureA_day3_06
1,307,1,0,1,0,1,0,0,0,1,0,CultureA_day3_07
1,308,1,0,1,0,1,1,0,0,1,0,CultureA_day3_08
1,309,1,0,1,0,1,0,0,0,1,0,CultureA_day3_09
1,310,1,0,1,0,1,0,0,0,1,0,CultureA_day3_10
1,401,0,0,1,0,1,0,0,0,1,0,CultureA_day4_01
1,402,0,0,1,0,1,0,0,0,1,0,CultureA_day4_02
1,403,0,0,1,0,1,1,0,0,1,0,CultureA_day4_03
1,404,0,0,1,0,1,0,0,0,1,0,CultureA_day4_04
1,405,0,0,1,0,1,0,0,0,1,0,CultureA_day4_05
1,406,0,0,1,0,1,0,0,0,1,0,CultureA_day4_06
1,407,1,0,1,0,1,0,0,0,1,0,CultureA_day4_07
1,408,1,1,1,0,1,0,0,0,1,0,CultureA_day4_08
1,409,1,0,1,0,1,0,0,0,1,0,CultureA_day4_09
1,410,1,1,1,1,1,0,0,0,1,0,CultureA_day4_10
1,501,1,0,1,0,1,0,0,0,1,0,CultureA_day5_01
1,502,1,0,1,0,1,1,0,0,1,0,CultureA_day5_02
1,503,1,0,1,0,1,0,0,0,1,0,CultureA_day5_03
1,504,1,0,1,0,1,0,0,0,1,0,CultureA_day5_04
1,505,1,1,1,0,1,0,0,0,1,0,CultureA_day5_05
1,506,1,0,1,0,1,0,0,0,1,0,CultureA_day5_06
1,507,1,0,1,0,1,0,0,0,1,0,CultureA_day5_07
1,508,1,0,1,0,1,0,0,0,1,0,CultureA_day5_08
1,509,1,0,1,0,1,0,0,0,1,0,CultureA_day5_09
1,510,1,0,1,0,1,1,0,0,1,0,CultureA_day5_10
2,101,1,0,1,0,1,1,0,0,1,1,CultureB_day1_01
2,102,1,0,1,0,1,1,0,0,1,1,CultureB_day1_02
2,103,1,0,1,0,1,1,0,0,1,1,CultureB_day1_03
2,104,1,0,1,0,1,0,0,0,1,1,CultureB_day1_04
2,105,1,0,1,0,1,1,0,0,1,1,CultureB_day1_05
2,106,1,0,1,1,1,0,0,0,1,1,CultureB_day1_06
2,107,1,0,1,0,1,0,0,0,1,1,CultureB_day1_07
2,108,1,0,1,0,1,1,0,0,1,1,CultureB_day1_08
2,109,1,0,1,0,1,0,0,0,1,1,CultureB_day1_09
2,110,1,0,1,0,1,1,0,0,1,1,CultureB_day1_10
2,201,1,0,1,0,1,1,0,0,1,1,CultureB_day2_01
2,202,1,0,1,0,1,1,1,0,1,1,CultureB_day2_02
2,203,1,0,1,0,1,1,1,0,1,1,CultureB_day2_03
2,204,1,0,1,0,1,0,1,0,1,1,CultureB_day2_04
2,205,1,0,1,0,1,1,1,0,1,1,CultureB_day2_05
2,206,1,0,1,0,1,1,1,0,1,1,CultureB_day2_06
2,207,1,0,1,0,1,0,1,0,1,1,CultureB_day2_07
2,208,1,0,1,0,1,1,1,0,1,1,CultureB_day2_08
2,209,1,0,1,0,1,0,1,0,1,1,CultureB_day2_09
2,210,1,0,1,0,1,1,1,0,1,1,CultureB_day2_10
2,301,1,0,1,0,1,1,1,1,1,1,CultureB_day3_01
2,302,1,0,1,0,1,1,1,1,1,1,CultureB_day3_02
2,303,1,0,1,0,1,0,1,1,1,1,CultureB_day3_03
2,304,1,1,1,0,1,1,1,1,1,1,CultureB_day3_04
2,305,1,0,1,0,1,0,1,1,1,1,CultureB_day3_05
2,306,1,0,1,0,1,1,1,1,1,1,CultureB_day3_06
2,307,1,0,1,0,1,0,1,0,1,1,CultureB_day3_07
2,308,1,0,1,0,1,1,1,0,1,1,CultureB_day3_08
2,309,1,0,1,0,1,0,1,1,1,1,CultureB_day3_09
2,310,1,0,1,0,1,0,1,1,1,1,CultureB_day3_10
2,401,1,0,1,0,1,0,1,1,1,1,CultureB_day4_01
2,402,1,0,1,0,1,1,1,1,1,1,CultureB_day4_02
2,403,1,0,1,0,1,1,1,1,1,1,CultureB_day4_03
2,404,1,0,1,0,1,1,1,1,1,1,CultureB_day4_04
2,405,1,0,1,0,1,0,1,1,1,1,CultureB_day4_05
2,406,1,0,1,0,1,1,1,1,1,1,CultureB_day4_06
2,407,1,0,1,0,1,0,1,1,1,1,CultureB_day4_07
2,408,1,0,1,0,1,1,1,1,1,1,CultureB_day4_08
2,409,1,0,1,0,1,0,1,1,1,1,CultureB_day4_09
2,410,1,0,1,0,1,0,1,1,1,1,CultureB_day4_10
2,501,1,0,1,0,1,0,1,1,1,1,CultureB_day5_01
2,502,1,0,1,0,1,0,1,1,1,1,CultureB_day5_02
2,503,1,0,1,0,1,0,1,1,1,1,CultureB_day5_03
2,504,1,0,1,0,1,1,1,1,1,1,CultureB_day5_04
2,505,1,0,1,0,1,0,1,1,1,1,CultureB_day5_05
2,506,1,0,1,0,1,1,1,1,1,1,CultureB_day5_06
2,507,1,0,1,0,1,0,1,1,1,1,CultureB_day5_07
2,508,1,0,1,0,1,0,1,1,1,1,CultureB_day5_08
2,509,1,0,1,0,1,0,1,1,1,1,CultureB_day5_09
2,510,1,0,1,0,1,0,1,1,1,1,CultureB_day5_10
