path,id,IR_Dy,IR_Ro,IR_V,IR_D,IR_G,IR_Re,IR_BE,IR_Sy,IR_CS,IR_ND,blinded_id
1,101,0,1,0,1,1,1,1,0,1,0,CultureA_day1_01
1,102,0,1,0,1,1,1,0,0,0,0,CultureA_day1_02
1,103,0,1,0,0,1,1,1,0,1,0,CultureA_day1_03
1,104,0,1,0,1,1,1,0,0,0,0,CultureA_day1_04
1,105,0,1,0,0,1,1,1,0,1,0,CultureA_day1_05
1,106,0,1,0,1,1,1,0,0,0,0,CultureA_day1_06
1,107,1,1,0,1,1,1,1,0,1,0,CultureA_day1_07
1,108,1,1,0,1,1,1,1,0,0,0,CultureA_day1_08
1,109,1,1,0,1,1,1,0,0,1,0,CultureA_day1_09
1,110,0,1,0,0,1,1,0,0,1,0,CultureA_day1_10
1,201,0,1,0,1,1,1,0,0,0,0,CultureA_day2_01
1,202,0,1,0,1,1,1,0,0,0,0,CultureA_day2_02
1,203,0,1,0,1,1,1,0,0,1,0,CultureA_day2_03
1,204,0,1,0,1,1,1,0,0,0,0,CultureA_day2_04
1,205,0,1,0,0,1,1,1,0,0,0,CultureA_day2_05
1,206,0,1,0,1,1,1,0,0,0,0,CultureA_day2_06
1,207,0,1,0,0,1,1,0,0,0,0,CultureA_day2_07
1,208,0,1,0,1,1,1,0,0,0,0,CultureA_day2_08
1,209,0,1,0,0,1,1,1,0,0,0,CultureA_day2_09
1,210,0,1,0,1,1,1,0,0,0,0,CultureA_day2_10
1,301,0,1,0,0,1,1,0,0,0,0,CultureA_day3_01
1,302,0,1,0,1,1,1,0,0,0,0,CultureA_day3_02
1,303,0,1,0,0,1,1,0,0,0,0,CultureA_day3_03
1,304,0,1,0,1,1,1,0,0,0,0,CultureA_day3_04
1,305,0,1,0,0,1,1,1,0,0,0,CultureA_day3_05
1,306,0,1,0,1,1,1,0,0,0,0,CultureA_day3_06
1,307,0,1,0,0,1,1,0,0,0,0,CultureA_day3_07
1,308,0,1,0,1,1,1,0,0,0,0,CultureA_day3_08
1,309,0,1,0,0,1,1,0,0,0,0,CultureA_day3_09
1,310,0,1,0,1,1,1,0,0,0,0,CultureA_day3_10
1,401,0,1,0,0,1,1,0,0,0,0,CultureA_day4_01
1,402,0,1,0,1,1,1,0,0,0,0,CultureA_day4_02
1,403,0,1,0,0,1,1,0,0,0,0,CultureA_day4_03
1,404,0,1,0,1,1,1,0,0,0,0,CultureA_day4_04
1,405,0,1,0,0,1,1,1,0,0,0,CultureA_day4_05
1,406,0,1,0,1,1,1,1,0,0,0,CultureA_day4_06
1,407,0,1,0,0,1,1,1,0,0,0,CultureA_day4_07
1,408,0,1,0,1,1,1,1,0,0,0,CultureA_day4_08
1,409,0,1,0,0,1,1,0,0,0,0,CultureA_day4_09
1,410,0,1,0,1,1,1,0,0,0,0,CultureA_day4_10
1,501,0,1,0,0,1,1,1,0,0,0,CultureA_day5_01
1,502,0,1,0,1,1,1,0,0,0,0,CultureA_day5_02
1,503,0,1,0,0,1,1,1,0,0,0,CultureA_day5_03
1,504,0,1,0,1,1,1,1,0,0,0,CultureA_day5_04
1,505,0,1,0,0,1,1,0,0,0,0,CultureA_day5_05
1,506,0,1,0,1,1,1,0,0,0,0,CultureA_day5_06
1,507,0,1,0,0,1,1,1,0,0,0,CultureA_day5_07
1,508,0,1,0,1,1,1,1,0,0,0,CultureA_day5_08
1,509,0,1,0,0,1,1,1,0,0,0,CultureA_day5_09
1,510,0,1,0,1,1,1,1,0,0,0,CultureA_day5_10
2,101,0,1,0,1,1,1,1,0,1,0,CultureB_day1_01
2,102,0,1,0,1,1,1,1,0,1,0,CultureB_day1_02
2,103,0,1,0,1,1,1,1,0,1,0,CultureB_day1_03
2,104,0,1,0,1,1,1,1,0,1,0,CultureB_day1_04
2,105,0,1,0,1,1,1,1,0,1,0,CultureB_day1_05
2,106,0,1,0,1,1,1,1,0,1,0,CultureB_day1_06
2,107,0,1,0,1,1,1,1,0,1,0,CultureB_day1_07
2,108,0,1,0,1,1,1,1,0,1,0,CultureB_day1_08
2,109,0,1,0,1,1,1,1,0,1,0,CultureB_day1_09
2,110,0,1,0,1,1,1,1,0,1,0,CultureB_day1_10
2,201,0,1,0,1,1,1,1,0,1,0,CultureB_day2_01
2,202,0,1,0,1,1,1,1,0,1,0,CultureB_day2_02
2,203,0,1,0,1,1,1,1,0,1,0,CultureB_day2_03
2,204,0,1,0,1,1,1,1,0,1,0,CultureB_day2_04
2,205,0,1,0,1,1,1,1,0,1,0,CultureB_day2_05
2,206,0,1,0,1,1,1,1,0,1,0,CultureB_day2_06
2,207,0,1,0,1,1,1,1,0,1,0,CultureB_day2_07
2,208,0,1,0,1,1,1,1,0,1,0,CultureB_day2_08
2,209,0,1,0,1,1,1,1,0,1,0,CultureB_day2_09
2,210,0,1,0,1,1,1,1,0,1,0,CultureB_day2_10
2,301,0,1,0,1,1,1,1,0,1,0,CultureB_day3_01
2,302,0,1,0,1,1,1,1,0,1,0,CultureB_day3_02
2,303,0,1,0,1,1,1,1,0,1,0,CultureB_day3_03
2,304,0,1,0,1,1,1,1,0,1,0,CultureB_day3_04
2,305,0,1,0,1,1,1,1,0,1,0,CultureB_day3_05
2,306,0,1,0,1,1,1,1,0,0,0,CultureB_day3_06
2,307,0,1,0,1,1,1,1,0,1,0,CultureB_day3_07
2,308,0,1,0,1,1,1,1,0,1,0,CultureB_day3_08
2,309,0,1,0,1,1,1,1,0,1,0,CultureB_day3_09
2,310,0,1,0,1,1,1,1,0,1,0,CultureB_day3_10
2,401,0,1,0,1,1,1,1,0,1,0,CultureB_day4_01
2,402,0,1,0,1,1,1,1,0,1,0,CultureB_day4_02
2,403,0,1,0,1,1,1,1,0,1,0,CultureB_day4_03
2,404,0,1,0,1,1,1,1,0,1,0,CultureB_day4_04
2,405,0,1,0,1,1,1,1,0,1,0,CultureB_day4_05
2,406,0,1,0,1,1,1,1,0,1,0,CultureB_day4_06
2,407,0,1,0,1,1,1,1,0,1,0,CultureB_day4_07
2,408,0,1,0,1,1,1,1,0,1,0,CultureB_day4_08
2,409,0,1,0,1,1,1,1,0,1,0,CultureB_day4_09
2,410,0,1,0,1,1,1,1,0,1,0,CultureB_day4_10
2,501,0,1,0,1,1,1,1,0,1,0,CultureB_day5_01
2,502,0,1,0,1,1,1,1,0,0,0,CultureB_day5_02
2,503,0,1,0,1,1,1,1,0,1,0,CultureB_day5_03
2,504,0,1,0,1,1,1,1,0,1,0,CultureB_day5_04
2,505,0,1,0,1,1,1,1,0,1,0,CultureB_day5_05
2,506,0,1,0,1,1,1,1,0,1,0,CultureB_day5_06
2,507,0,1,0,1,1,1,1,0,1,0,CultureB_day5_07
2,508,0,1,0,1,1,1,1,0,1,0,CultureB_day5_08
2,509,0,1,0,1,1,1,1,0,1,0,CultureB_day5_09
2,510,0,1,0,1,1,1,1,0,1,0,CultureB_day5_10
