path,id,IR_Dy,IR_Ro,IR_V,IR_D,IR_G,IR_Re,blinded_id
1,101,0,1,0,1,1,1,CultureA_day1_01
1,103,0,1,0,0,1,1,CultureA_day1_03
1,104,0,1,0,1,1,1,CultureA_day1_04
1,201,0,1,0,1,1,1,CultureA_day2_01
1,202,0,1,0,1,1,1,CultureA_day2_02
1,305,0,1,0,0,1,1,CultureA_day3_05
1,401,0,1,0,0,1,1,CultureA_day4_01
1,406,0,1,0,1,1,1,CultureA_day4_06
1,501,0,1,0,0,1,1,CultureA_day5_01
2,101,0,1,0,1,1,1,CultureB_day1_01
2,201,0,1,0,1,1,1,CultureB_day2_01
2,202,0,1,0,1,1,1,CultureB_day2_02
2,303,0,1,0,1,1,1,CultureB_day3_03
2,307,0,1,0,1,1,1,CultureB_day3_07
2,308,0,1,0,1,1,1,CultureB_day3_08
2,402,0,1,0,1,1,1,CultureB_day4_02
2,405,0,1,0,1,1,1,CultureB_day4_05
2,406,0,1,0,1,1,1,CultureB_day4_06
2,503,0,1,0,1,1,1,CultureB_day5_03
2,504,0,1,0,1,1,1,CultureB_day5_04
2,507,0,1,0,1,1,1,CultureB_day5_07
2,508,0,1,0,1,1,1,CultureB_day5_08
