provisional_id,year,virus,cells,base_medium,fbs_pre,fbs_post,serum_type,pattern_class,url,access,notes,quote_pre,quote_post
ADV001,2018,"FMDV (A24 Cruzeiro, O1 Manisa)",BHK21 adherent (BHK179),MEM,10,5,FBS,A,https://pmc.ncbi.nlm.nih.gov/articles/PMC5857075/,oa,Propagation/infection experiments; not clinical primary isolation SOP but explicit dual FBS. NEW vs R1 dual CSV.,cultured ... with 10% fetal bovine serum (FBS) during maintenance and passaging,and with 5% FBS during infection experiments
ADV002,2018,FMDV,BHK-2P suspension,GMEM + tryptose phosphate OR Cellvento ACFM,5,5_or_0,FBS / none (ACFM),A;C,https://pmc.ncbi.nlm.nih.gov/articles/PMC5857075/,oa,"Suspension: 5% FBS+TPB both stages, or animal-component-free (0% serum). Refutes universal 10→2.",maintained in Glasgow MEM ... with 5% FBS,or was adapted to grow in the animal-component-free medium Cellvento BHK-200
ADV003,1990,HSV (clinical isolation),"RD, mink lung; MRC-5 shell vials",(standard tube/vial media),10,5,FBS,A,https://pubmed.ncbi.nlm.nih.gov/2159017/,abstract,J Clin Microbiol Omni Serum comparator: FBS arm uses 10% growth / 5% maintenance for tubes and vials. Explicit non-2% maintenance.,Cells grown with 10% FBS,maintained with 5% FBS
ADV004,2021,Zika virus (mosquito suspension isolation),C6/36,L-15 + 10% TPB,10,5,FBS (+TPB growth),A,https://journals.plos.org/plosone/article?id=10.1371/journal.pone.0255314,oa,Primary isolation from mosquito suspension; growth has 10% TPB; post maintained 5% FBS. Also PMC8323943.,grown in Leibovitz's-15 (L-15) medium ... 10% fetal bovine serum (FBS) ... 10% tryptose phosphate broth,inoculated onto the C6/36 cell monolayers and maintained in medium supplemented with 5% FBS
ADV005,2024,Yellow fever virus (mosquito pool isolation),Vero,MEM,10,1,FBS,A,https://wwwnc.cdc.gov/eid/article/31/4/24-0108-app1.pdf,oa,"EID appendix methods: after adsorption, Vero gets 1% FBS (not 2%). Companion C6/36 uses 10→2 (classic-adjacent; not counted as counterexample for that cell).",grown in MEM ... supplemented with 10% FBS,MEM culture medium containing 1% inactivated FBS was added for Vero
ADV006,2024,West Nile virus,Vero / Vero E6,DMEM,5,5,FBS,B,https://doi.org/10.17504/protocols.io.14egn2e7pg5d/v1,oa,protocols.io isolation SOP: growth medium already 5% FBS; after inoculation add DMEM with 5% FBS (same %). Do not remove inoculum.,Cell culture medium: DMEM ... 5% Foetal Bovine Serum (FBS),Add cell culture medium (DMEM) with 5% FBS
ADV007,2022,FMDV (clinical suspicion isolation),ZZ-R-127; IB-RS-2,DMEM-F12/IMDM or MEM + lactalbumin hydrolysate,not_stated_in_SOP_post_media,0,none (Ab ± lactalbumin),C,https://sitesv2.anses.fr/sites/default/files/221216%20-%20Virus%20Isolation.pdf,oa,ANSES official FMDV virus-isolation SOP: post-inoculation complete medium WITHOUT FBS. Institutional divergence from 10→2.,(pre-inoculation wash/growth not quantified as % FBS in this SOP),Add 500 µl of complete cell culture medium (without FBS) per well
ADV008,2022,Influenza A H3N2 (clinical isolation),MDCK,DMEM,10,0,none (+trypsin +BSA),C,https://doi.org/10.11648/j.ijmb.20220701.14,abstract/oa-ish,Clinical sample isolation/propagation: after inoculation add medium WITHOUT FBS + trypsin + BSA.,passaged in ... DMEM ... 10% (vol/vol) fetal bovine serum (FBS),5 ml medium (without FBS) supplemented with 4 µg/ml trypsin and 10% bovine serum albumin (BSA) was added
ADV009,n/a (guide),Influenza (tissue-culture-adapted strains),(ATCC host-dependent),(product-sheet dependent),varies,0,none,C,https://www.atcc.org/resources/culture-guides/virology-culture-guide,oa,"Institutional culture guide: influenza viral growth medium should NOT be supplemented with FBS; general note also says viral media often 2–10% (range, not fixed 2%).",Sera ... often supplied at a concentration of 2-10%,Viral growth medium prepared for tissue culture-adapted strains of Influenza should not be supplemented with Fetal Bovine Serum (FBS)
ADV010,2012,Influenza; hMPV; PIV-4,MDCK (SF); Vero E6 (SF),serum-free formulations,0,0,none,B;C,https://www.intechopen.com/chapters/40221,oa,Lednicky & Wyatt review: serum-free MDCK for influenza isolation; Vero E6 serum-free for hMPV/PIV4 with biweekly media changes. Same 0→0.,we have used MDCK cells in serum-free media with antibiotics for the isolation of influenza viruses,isolate human metapneumoviruses ... in Vero E6 cells maintained in serum-free media
ADV011,2015,veterinary master seed / extraneous-agent passage,permissive monolayers (Vero etc.),MEM,5-10,5-20,FBS,A,https://www.aphis.usda.gov/sites/default/files/VIRPRO1013.pdf,oa,USDA CVB VIRPRO1013: Growth Medium 50–100 mL FBS/900 mL MEM (~5–10%); Maintenance 50–200 mL (~5–18%); inoculation step adds maintenance with 5–20% FBS. Explicit institutional divergence from 10→2.,Growth Medium ... add 50-100 mL gamma-irradiated fetal bovine serum (FBS),Add 25 mL of maintenance medium containing 5-20% of FBS to each flask
ADV012,1981,ophthalmic viruses (HSV etc. primary isolation),Hep 2,Eagle's MEM,10,3,FBS,A,https://doi.org/10.1136/bjo.65.8.546,abstract,"McSwiggan et al. Br J Ophthalmol primary isolation comparison. Hep2: 10% FBS growth, 3% serum maintenance.",propagated in Eagle's MEM with 10% fetal bovine serum,maintained in similar medium but with 3% serum
ADV013,1981,ophthalmic viruses primary isolation,HEK (primary human embryo kidney),Eagle's basal medium / Medium 199,10,2,newborn calf serum (NBCS),D,https://doi.org/10.1136/bjo.65.8.546,abstract,"Same paper: non-FBS serum (newborn calf) at 10%→2%. Pattern looks like classic %, but serum TYPE is not FBS.",supplemented with ... 10% newborn calf serum (NBCS),maintained on maintenance medium (MM)-Medium 199-supplemented with 2% NBCS
ADV014,1981,ophthalmic viruses primary isolation,HEI (human embryo intestine),EBM,15,2,newborn calf serum (NBCS),A;D,https://doi.org/10.1136/bjo.65.8.546,abstract,15% NBCS growth → 2% NBCS maintenance. Nonclassic pre % and non-FBS serum.,"seeded into test-tubes with EBM, 15% NBCS",MM was identical to that used for HEK [2% NBCS]
ADV015,1962,bovine enteroviruses (dairy herd isolation),primary bovine kidney,0.5% lactalbumin hydrolysate in Hanks BSS,5,0,bovine serum (adult/non-fetal),C;D,https://doi.org/10.3168/jds.S0022-0302(62)89523-X,abstract,Growth 5% bovine serum; maintenance for isolation tubes: no serum added. Strong Class C+D counterexample.,growth of the dispersed cells in a culture medium consisting of: ... 5.0% bovine serum,maintained with a medium which differed from the growth medium only in the fact that no serum was added
ADV016,1988,CMV (shell vial / clinical isolates),FLOW 2000 fibroblasts; MRC-5,MEM,10,5,FBS,A,https://doi.org/10.1002/cyto.990090311,abstract,Shell-vial style: after centrifugation inoculum removed; fed with MEM + 5% FBS.,propagated in ... MEM ... supplemented with 10% fetal bovine serum (FBS),"The inoculum was removed, and the cells were fed with 1.0 ml MEM supplemented with 5% FBS"
ADV017,2010,Diplorickettsia massiliensis (tick isolation; intracellular),L929; HEL; MRC-5; XTC-2,MEM / Leibovitz-15,4,4_or_5,FBS (+TPB on XTC-2),B;D,https://pmc.ncbi.nlm.nih.gov/articles/PMC2903611/,oa,Shell-vial isolation: L929 MEM+4% FBS; HEL/MRC-5 MEM+5% FBS; XTC-2 L-15 + 2% FBS + 2% tryptose-phosphate broth. Nonclassic low % and TPB.,MEM ... supplemented with 4% fetal bovine serum (FBS),Leibovitz-15 ... supplemented with 2% of FBS and 2% of tryptose-phosphate broth solution ... for XTC-2
ADV018,2020,influenza pandemic MDVs (Vero),Vero (CCL-81),M199 / VP-SFM,5,0,FBS then serum-free,C,https://doi.org/10.3390/vaccines8040626,oa,Vero cultivated in M199 + 5% FBS or VP-SFM; virus infection evaluated in serum-free system. Supports non-10→2 influenza/Vero practice.,cultivated in M199 medium ... containing 5% fetal bovine serum (FBS) ... or serum-free medium (VP-SFM),we used the serum-free culture system to evaluate the performance of MDVs
ADV019,2020,SARS-CoV-2 (clinical culture),Vero C1008 / E6,Opti-MEM reduced serum,3,3,FBS,B,https://doi.org/10.17504/protocols.io.bcduis6w,oa,Clinical samples inoculated onto monolayers grown in Opti-MEM + 3% FBS (same medium context; not 10→2).,grown in Opti-Mem reduced serum growth medium supplemented with 3% foetal bovine serum,(inoculated onto those monolayers; protocol does not switch to classic 2% DMEM)
ADV020,n/a (guide),general animal virus isolation,various,MEM/DMEM,10,1-3_or_calf,FBS or calf serum,A;D,https://www.intechopen.com/chapters/40221,oa,Methods chapter explicitly recommends 1–3% (not specifically 2%) and substituting calf serum for FBS in maintenance. Institutional/teaching divergence.,instead of 10% FBS,"cell growth media with 1 – 3% serum can be used to re-feed cells. Furthermore, instead of FBS, calf serum can sometimes be used"
