provisional_id,year,virus,cells,fbs_pre,fbs_post,relation,isolation_quality,url,access,quotes,notes,maps_from
HOLD001,2023,West Nile virus,Vero / Vero E6,5,5,equal,primary_isolation,https://doi.org/10.17504/protocols.io.14egn2e7pg5d/v1,oa,"PRE: Cell culture medium: DMEM ... 5% Foetal Bovine Serum (FBS). POST: After the incubation, do not remove the virus inoculum. Add cell culture medium (DMEM) with 5% FBS and cell culture guard in a dilution 1:100.","Confirmed solid clinical isolation SOP (PCR+ serum/plasma/urine). Nagy, Natl Public Health Center Hungary. ADV006 strengthened.",ADV006
HOLD002,2020,SARS-CoV-2,Vero C1008 clone E6,3,3,equal,diagnostic_culture,https://doi.org/10.17504/protocols.io.bcduis6w,oa,"Clinical samples ... inoculated onto confluent monolayers of ... Vero C1008, clone E6 cells ... grown in Opti-Mem reduced serum growth medium supplemented with 3% foetal bovine serum.","SOFT HOLD: same Opti-MEM+3% growth context; protocol does not separately number a distinct post-inoculation FBS %. Not classic 10→2. ADV019 verify = provisional dual-stage.",ADV019
HOLD003,2012,Influenza; hMPV; PIV-4,MDCK (SF); Vero E6 (SF),0,0,equal,diagnostic_culture,https://www.intechopen.com/chapters/40221,oa,"we have used MDCK cells in serum-free media with antibiotics for the isolation of influenza viruses; isolate human metapneumoviruses ... in Vero E6 cells maintained in serum-free media","Teaching/methods chapter (Lednicky & Wyatt). 0→0 hold. Supports SF isolation practice; not a single clinical case series.",ADV010
HOLD004,2018,FMDV,BHK-2P suspension,5,5,equal,propagation_borderline,https://pmc.ncbi.nlm.nih.gov/articles/PMC5857075/,oa,"maintained in Glasgow MEM ... with 5% FBS (suspension context; ACFM alternative is 0 serum)","Propagation/infection experiment (Dill et al.), not clinical primary isolation SOP. Quality flag: borderline.",ADV002
HOLD005,2015,FMDV (clinical samples; experimental infection animals),ZZ-R 127; LFBK-αvβ6,10,10,equal,primary_isolation,https://pubmed.ncbi.nlm.nih.gov/26082457/,abstract_oa_full_often_paywalled,"PRE snippet: Cells ... seeded using the commercial medium supplemented with 10% FBS. POST snippet: ... the commercial medium supplemented with 10% of FBS was added. Cultures incubated 72 h.","Fukai et al. J Vet Diagn Invest. OIE-manual-style virus isolation from clinical samples. NEW vs ADV set. Full PDF not ingested (paywall).",NEW
HOLD006,2020,SARS-CoV-2 (USA-WA1),Vero CCL-81 (isolation),5_or_10,10,increase_or_equal,primary_isolation,https://wwwnc.cdc.gov/eid/article/26/6/20-0516_article,oa,"Cells cultured in DMEM supplemented with heat-inactivated fetal bovine serum (5% or 10%). Isolation: Vero cells resuspended in DMEM containing 10% fetal bovine serum ... added 100 μL of cell suspension directly to the clinical specimen dilutions.","Harcourt et al. CDC EID. Limiting-dilution primary isolation from NP/OP. When pre=5% → post=10% is INCREASE; when pre=10% → HOLD. Maps to R1 VI13.",VI13
HOLD007,2011,Influenza A and B,Vero CCL-81,0,0,equal,primary_isolation,https://pmc.ncbi.nlm.nih.gov/articles/PMC3194987/,oa,"OptiPRO SFM (serum-free) or EMEM; serum-free isolation/propagation context (R1 dual CSV: 0→0)","Already in R1 as VI24; included as X≤Y corpus support for SF hold.",VI24
HOLD008,2020,Hepatitis E virus genotype 3 (wild boar isolate),PK-15; MARC-145; Vero; Neuro-2a,10,10,equal,propagation_borderline,https://bmcvetres.biomedcentral.com/articles/10.1186/s12917-020-02315-5,oa,"Growth: MEM/DMEM with 10% FBS. After adsorption: infection mixture replaced with maintenance medium ... containing 10% FBS.","Field/wild-boar isolate then multi-cell replication; borderline vs classic diagnostic tube isolation. Quote from search synthesis + article methods summary.",NEW
HOLD009,2014,Rabies virus (Pasteur vaccine strain PV),BSR,10,10,equal,propagation_borderline,https://pmc.ncbi.nlm.nih.gov/articles/PMC4255371/,oa,"After virus adsorption ... by adding Dulbecco's modified Eagle's medium (DMEM) containing 10% FBS; the volume was adjusted to 50 mL.","Vaccine-strain NP extraction/purification for conjugate production — NOT clinical primary isolation. R1 VI29/VI47. Borderline quality.",VI29
EXCL_ADV011,2015,veterinary master seed / extraneous-agent passage,permissive monolayers (Vero etc.),5-10,5-20,increase_possible,EXCLUDED_not_isolation,https://www.aphis.usda.gov/sites/default/files/VIRPRO1013.pdf,oa,"Growth Medium ... add 50-100 mL gamma-irradiated fetal bovine serum (FBS) (~5–10%); Add 25 mL of maintenance medium containing 5-20% of FBS to each flask","USER RULE: USDA VIRPRO1013 is master-seed purity / extraneous-agent testing — NOT virus isolation. Do not merge into isolation practice set. Tag EXCLUDED_not_isolation. Maps ADV011.",ADV011
