ID,year,virus,cells*,Base Medium,FBS% pre-inoculation,FBS% post-inculcation,penicillin (IU/ml),streptomycin (mg/ml),amphotericin (mg/ml),link,access,notes,quote_pre,quote_post,source_batch
VI2,2013,SL-CoV-WIV1,Vero E6,DMEM,10,2,200,0.2,0.5,https://pubmed.ncbi.nlm.nih.gov/24172901/,legacy_coded,,,,legacy
VI8,2020,SARS-CoV-2,Vero E6,DMEM,10,2,100,-,15,https://pubmed.ncbi.nlm.nih.gov/6134854/,legacy_coded,,,,legacy
VI13,2020,SARS-CoV-2,Vero CCL-81,DMEM,5-10,10,200***,0.2***,0.0005***,https://wwwnc.cdc.gov/eid/article/26/6/20-0516_article,legacy_coded,,,,legacy
VI14,2019,HRSV,HEP-2,DMEM,10,2,100,-,100,https://doi.org/10.1016/j.bjid.2019.10.007,legacy_coded,,,,legacy
VI15,2019,DENV-2,C6/36,MEM,10,2,^^,^^,^^,https://pmc.ncbi.nlm.nih.gov/articles/PMC6823047/,legacy_coded,,,,legacy
VI16,2002,HSV-1,Vero,MEM,5,1,-,-,-,https://pubmed.ncbi.nlm.nih.gov/11983023/,legacy_coded,,,,legacy
VI18,2015,influenza,Vero,DMEM,10,0.2,-,-,-,https://pubmed.ncbi.nlm.nih.gov/25448099/,legacy_coded,,,,legacy
SPT10,2022,ZIKV,Vero,DMEM,10,2,100--,0.1--,0,https://pubmed.ncbi.nlm.nih.gov/35285687/,legacy_coded,,,,legacy
VI23,2024,SARS-CoV-2,Vero E6 / Vero E6 TMPRSS2 / Vero E6 ACE2 TMPRSS2,DMEM,10,2,100,0.1,0,https://pmc.ncbi.nlm.nih.gov/articles/PMC12870042/,legacy_coded,,,,legacy
VI24,2011,Influenza A and B,Vero (CCL81),OptiPRO SFM (serum-free) or EMEM,0,0,-,-,0.25 (added for enhanced isolation),https://pmc.ncbi.nlm.nih.gov/articles/PMC3194987/,legacy_coded,,,,legacy
VI25,2019,EBOV (Makona-C05 and Yambuko-Mayinga),Vero E6; Huh-7; monocyte-derived macrophages (MDM),DMEM (or MEM-α for some passages),10,2-10,100,0.1,0.25,https://www.mdpi.com/1999-4915/11/2/161 (or PMC6410085),legacy_coded,,,,legacy
VI28,2024 (or recent),SARS-CoV-2,Vero E6 / VeroE6/TMPRSS2 / Vero E6-TMPRSS2-T2A-ACE2,DMEM,10,2,100,0.1,0.25 (via 1% Antibiotic-Antimycotic in isolation medium),https://www.nature.com/articles/s41598-024-75038-4,legacy_coded,,,,legacy
VI29,2014,Rabies virus (PV strain),BSR (Baby Hamster Kidney clone),DMEM,10,10,not specified (none detailed),not specified (none detailed),not specified (none detailed),https://pmc.ncbi.nlm.nih.gov/articles/PMC4255371/,legacy_coded,,,,legacy
VI32,2020,FHV-1 (feline herpesvirus-1),CRFK (primary; also tested Vero/MDCK/BHK-21 etc.),DMEM,10,3,standard (not numerically specified; typical 100/0.1/0.00025),standard (not numerically specified),standard (not numerically specified),https://journal-jbv.apub.kr/articles/xml/eALz/,legacy_coded,,,,legacy
VI33,2023,MERS-CoV,Vero E6,DMEM,10,not explicitly reduced (fresh DMEM added post-wash; typical maintenance 2%),100 (from 1× Gibco Antibiotic-Antimycotic),0.1 (from 1× Gibco Antibiotic-Antimycotic),0.00025 (from 1× Gibco Antibiotic-Antimycotic),https://pmc.ncbi.nlm.nih.gov/articles/PMC10500840/,legacy_coded,,,,legacy
VI34,2024,CAV-2 (canine adenovirus type 2 variant),MDCK,DMEM,10,not explicitly detailed (maintenance implied post-1 h adsorption),standard (pen/strep/ampho included),standard,standard,https://www.kjvr.org/journal/view.php?number=3970,legacy_coded,,,,legacy
VI36,2023,CHIKV (chikungunya virus),Vero (ATCC CCL-81),DMEM,10,2 (typical post-inoculation maintenance),100 (from 1% antibiotics/antimycotics),0.1 (from 1% antibiotics/antimycotics),0.00025 (from 1% antibiotics/antimycotics),https://www.sciencedirect.com/science/article/pii/S1931524422002808,legacy_coded,,,,legacy
VI38,2022,SARS-CoV-2,Vero E6,DMEM (high-glucose),10,0 (FBS-free + trypsin),100 (from 100× stock),0.1 (from 100× stock),not provided,https://link.springer.com/article/10.1007/s00705-021-05343-0,legacy_coded,,,,legacy
VI39,~2025,Oita virus (rhabdovirus),Vero / Vero-RcACE2 / VeroE6/TMPRSS2 / A549 / BHK,DMEM,10,2,10000 U/ml (stock; standard final ~100 IU/ml),10 mg/ml (stock; standard final ~0.1 mg/ml),not provided,https://journals.asm.org/doi/10.1128/spectrum.03158-25,legacy_coded,,,,legacy
VI40,2022,RSV (respiratory syncytial virus),HEp-2,MEM,10,2,100 (1% of 10000 U/ml stock),0.1 (1% of 10000 U/ml stock),0.00025 (25 μg/ml stock),https://pmc.ncbi.nlm.nih.gov/articles/PMC9006923/,legacy_coded,,,,legacy
VI41,2007,West Nile virus (small plaque variant),Vero,MEM,10,2,not provided,not provided,not provided,https://www.sciencedirect.com/science/article/pii/S0042682207004151,legacy_coded,,,,legacy
VI42,2006,VZV,MeWo,DMEM / EMEM,10,2,100,0.1,-,https://journals.asm.org/doi/10.1128/jvi.80.3.1497-1512.2006,legacy_coded,,,,legacy
VI43,2006,SARS-CoV,Vero E6,DMEM,5,2,100,0.1,-,https://mhlw-grants.niph.go.jp/system/files/2007/073111/200728004A/200728004A0011.pdf,legacy_coded,,,,legacy
VI44,2003,enteroviruses,HEF HEp-2 Vero GMK,MEM,10,2,-,-,-,https://pubmed.ncbi.nlm.nih.gov/12839716/,legacy_coded,,,,legacy
VI45,2010,rabies,HEK-293 neuro-2a BHK-21,IMDM,10,2,-,-,-,https://www.ijidonline.com/article/S1201-9712(10)02471-9/fulltext,legacy_coded,,,,legacy
VI46,1980,rabies,BHK-21,EMEM,10,3,200,0.4,-,https://europepmc.org/article/med/6999024,legacy_coded,,,,legacy
VI50,2025,HAdV (human adenovirus),HEp-2,DMEM,10,2,100,0.1,,https://pmc.ncbi.nlm.nih.gov/articles/PMC12265240/,oa,ILI surveillance isolation; DOI check in PMC; CPE monitored in maintenance medium,"DMEM (Gibco, USA) supplemented with 10% fetal bovine serum (FBS; Hyclone, USA) and 1% penicillin-streptomycin",in maintenance medium (DMEM containing 2% FBS) until a cytopathic effect (CPE) was observed,batch1
VI51,2026,bovine enterovirus,BHK-21,DMEM,10,2,,,,https://pmc.ncbi.nlm.nih.gov/articles/PMC13214444/,oa,reverse genetics/propagation; 2% FBS in agarose overlay,"supplemented with 10% fetal bovine serum (FBS; Gibco-10270106, USA)",low-point agarose ... and 2% FBS,batch1
VI52,2026,herpes B virus (Macacine alphaherpesvirus 1),Vero/LLC-MK2,DMEM,10,2,100,0.1,,https://pmc.ncbi.nlm.nih.gov/articles/PMC13386595/,oa,isolated from wild long-tailed macaque; penicillin 100 µg/ml streptomycin in growth,"penicillin, 100 µg/mL of streptomycin, and 10% fetal bovine serum (HyClone)",and 2% fetal bovine serum,batch1
VI53,2026,BVDV,MDBK,DMEM,10,2,,,,https://pmc.ncbi.nlm.nih.gov/articles/PMC12784899/,oa,pathogenicity analysis; infection with 2% FBS DMEM after adsorption,cells were cultured in DMEM containing 10% FBS,"discarded, and 2 mL of DMEM containing 2% FBS was added to each well",batch1
VI54,2024,enteroviruses (wastewater),HEp-2/RD/Vero/MA-104/ST,MEM/DMEM,10,2,100,0.1,,https://pmc.ncbi.nlm.nih.gov/articles/PMC11221682/,oa,Guatemala wastewater isolation on human lung/cell panel; antibiotics 100 IU/ml pen,media in flasks were changed from 10% FBS growth to 2% FBS maintenance media with antibiotics (100 IU mL-1 penicillin,10% FBS growth to 2% FBS maintenance media with antibiotics,batch1
VI55,2026,Orthobunyavirus (novel),Vero,DMEM,10,2,,,,https://pmc.ncbi.nlm.nih.gov/articles/PMC12796576/,oa,cross-species transmission study; post-adsorption 2% FBS,"supplemented with 10 % fetal bovine serum (FBS; E600001; Sangon Biotech, China)",removed and replaced with DMEM containing 2 % FBS,batch1
VI56,2025,sarbecoviruses (bat),Vero/VeroE6/TMPRSS2,DMEM,10,2,,,,https://pmc.ncbi.nlm.nih.gov/articles/PMC12239476/,oa,Southern Japan bat sarbecovirus isolation; swab supernatants onto cells in 2% FBS/DMEM; also BSA MEM for some transport,"supplemented with 10% fetal bovine serum (FBS), 10,000 U/mL penicillin, and 10 mg/mL streptomycin (PS)",were maintained in 2% FBS/DMEM following inoculation with the swab sample supernatants,batch1
VI57,2025,insect-specific flavivirus (lineage I),C6/36/Vero/BHK-21,L-15/M199,10,2,100,0.1,,https://pmc.ncbi.nlm.nih.gov/articles/PMC12163729/,oa,C6/36 isolation with 2% FBS L-15; vertebrate cells grown 5-10% FBS,"supplemented with 10% FBS, 2 mM l-glutamine, 1 mM sodium pyruvate, 100 U ml−1 penicillin and 100 μg ml",inoculating onto C6/36 monolayers with 2% FBS L-15 Leibovitz media,batch1
VI58,2024,Japanese encephalitis virus (JEV),Vero/C6/36/Neuro-2a,MEM,10,2,,,,https://pmc.ncbi.nlm.nih.gov/articles/PMC11125879/,oa,persistently infected mouse brain isolate characterization,supplemented with 10% fetal bovine serum (FBS),washed in PBS and maintained in MEM with 2% FBS and NEAA,batch1
VI59,2026,BVDV-1c,MDBK,DMEM,10,5,,,,https://pmc.ncbi.nlm.nih.gov/articles/PMC13565316/,oa,First isolation from Przewalski gazelle; post-adsorption 5% FBS (not classic 2%),"containing 10% FBS (Gibco, Grand Island, NY, USA)","adsorption, the medium was replaced with 5% FBS DMEM and incubated for 5 days",batch1
VI60,2025,PIV5 (parainfluenza virus 5),Vero,DMEM,10,2,,,,https://pmc.ncbi.nlm.nih.gov/articles/PMC12434234/,oa,First isolation from geese,"supplemented with 10 % fetal bovine serum (FBS; E600001; Sangon Biotech, China)",replaced with DMEM supplemented with 2 % fetal bovine serum,batch1
VI61,2024,bat Jeilongvirus,Vero/VeroE6/MDCK/PK-15/BHK,DMEM/EMEM,10,2,,,,https://pmc.ncbi.nlm.nih.gov/articles/PMC12017206/,oa,First isolation Japan; some cells maintained in 2% FBS/DMEM after inoculation; transport MEM+0.5% BSA,"supplemented with 10% fetal bovine serum (FBS), 10,000 U/mL penicillin and 10 mg/mL streptomycin","Rc, and BHK cells were maintained in 2% FBS/DMEM, whereas the other cells were maintained without any change",batch1
VI62,2025,human adenovirus,A549/HeLa/Vero,DMEM,10,2,,,,https://pmc.ncbi.nlm.nih.gov/articles/PMC12698310/,oa,Optimization of cell culture for HAdV isolation/propagation; temp 34 vs 37C,DMEM; Gibco TM ) supplemented with 10% fetal bovine serum (FBS) and penicillin-streptomycin,"1 ml of culture medium (DMEM containing 2% FBS) was added, and the cells were incubated for 5 days",batch1
VI63,2026,PRRSV-1 and PRRSV-2,Marc-145,DMEM/RPMI 1640,10,2,,,,https://pmc.ncbi.nlm.nih.gov/articles/PMC13502029/,oa,single-farm-isolated PRRSV strains; dual media,RPMI 1640 media were supplemented with 10% fetal bovine serum,replaced with fresh DMEM or RPMI medium with 2% fetal bovine serum,batch1
VI64,2025,HAdV-55,MRC-5,DMEM/MEM,10,2,,,,https://pmc.ncbi.nlm.nih.gov/articles/PMC11792584/,oa,isolation/characterization; viral medium MEM 2% FBS after adsorption,Eagle's medium (DMEM) supplemented with 10% fetal bovine serum (FBS) and 2% penicillin/streptomycin,"2mL of viral medium (MEM, 2% FBS, and 1% penicillin/streptomycin) solution were added",batch1
VI65,2026,mumps virus,Vero,MEM,10,2,,,,https://pmc.ncbi.nlm.nih.gov/articles/PMC12918529/,oa,2022-2023 outbreak isolates molecular characterization,"Minimum Essential Medium [MEM] containing 10% foetal bovine serum, 1% 1 M HEPES buffer","Minimum Essential Medium [MEM] containing 2% foetal bovine serum, 1% 1 M HEPES buffer",batch1
VI66,2026,fowl adenovirus (FAdV),LMH,DMEM,10,2,,,,https://pmc.ncbi.nlm.nih.gov/articles/PMC13517140/,oa,novel recombinant FAdV isolation/pathogenicity,supplemented with 10% fetal bovine serum (Sigma-Aldrich),with maintenance medium supplemented with 2% Fetal Bovine Serum (FBS),batch1
VI67,2026,bovine enterovirus genotype F,BHK-21/MDBK/Vero,DMEM,10,2,,,,https://pmc.ncbi.nlm.nih.gov/articles/PMC12772302/,oa,western China isolate; plaque pick in serum-free then culture 2% FBS,Eagle's medium (DMEM) supplemented with 10% fetal bovine serum (FBS) and 1% antibiotics,PBS before adding DMEM supplemented with 2% FBS,batch1
VI68,2025,camelpox virus,Vero,DMEM,10,2,,,,https://pmc.ncbi.nlm.nih.gov/articles/PMC12474500/,oa,isolation/characterization; maintenance 2% FBS 5-7 days,DMEM supplemented with 10% fetal bovine serum (FBS) (Capricorn Scientific),in maintenance medium containing 2% FBS and 6 mM L-glutamine ... for 5–7 days,batch1
VI69,2024,African swine fever virus (ASFV),MA-104,MEM/RPMI-1640,10,2,,,,https://pmc.ncbi.nlm.nih.gov/articles/PMC11021262/,oa,also uses VP-SFM for production; isolation/culture methods section,Essential Media (Gibco) supplemented with 10% FBS and 1% Penicillin–Streptomycin,incubated in 2% FBS and 1% Penicillin–Streptomycin,batch1
VI70,2025,fowl adenovirus,LMH,DMEM/F12,10,2,100,0.1,,https://pmc.ncbi.nlm.nih.gov/articles/PMC12195013/,oa,sample supernatant inoculated in 2% FBS DMEM/F12,supplemented with 10% fetal bovine serum (FBS) ... 100 U/m,5 mL of DMEM/F12 containing 2% FBS was inoculated with the sample supernatant,batch1
VI71,2024,poliovirus (Sabin type 1 D-antigen assays),Vero (typical; verify),MEM,10,2,,,,https://pmc.ncbi.nlm.nih.gov/articles/PMC11348703/,oa,VHH antibody panel vs Sabin type 1; cell maintenance 2% FBS — secondary propagation methods; cells not clear in snippet — verify Vero/Hep2 typical,Essential Medium (MEM) supplemented with 10% fetal bovine serum (FBS),"cell maintenance, MEM supplemented with 2% FBS was utilized",batch1
VI72,2026,SARS-CoV-2,Vero,DMEM/MEM,10,2,100,,,https://pmc.ncbi.nlm.nih.gov/articles/PMC12911001/,oa,isolation/propagation methods with 2% FBS MEM,"supplemented with 10% fetal bovine serum (FBS; Biowest), 100 U/mL penicillin","Essential Medium (MEM) supplemented with 2% fetal bovine serum (FBS), 100 U/mL penicillin",batch1
VI73,2025,HSV-1,,DMEM,10,0,,,,https://pmc.ncbi.nlm.nih.gov/articles/PMC12218886/,oa,replication supported in serum-free DMEM post-inoculation; plaque overlay later 2% FBS+CMC,DMEM supplemented with 10% Fetal Bovine Serum (FBS) and 1% penicillin-streptomycin,30 mL of serum-free DMEM was added to each flask to support viral replication,batch1
VI74,2025,DENV (C6/36 standardization),C6/36/Vero,L-15/DMEM,10,2,,,,https://pmc.ncbi.nlm.nih.gov/articles/PMC13077881/,oa,"also mentions 1% FBS in some overlay conditions; primary isolation C6/36 2% FBS; title: Standardization of C6/36 cells for DENV-2 virological assays: isolation, TCID₅₀ and serum neutralization.",maintained in L-15 medium supplemented with 10% FBS and 1% penicillin–streptomycin,cultures received L-15 medium containing 2% FBS and 1% antibiotics and were incubated for up to 10 days,batch1
VI75,2025,mosquito-borne alphaviruses (Zambia),C6/36/Vero/BHK-21,EMEM/DMEM,10,2,,,,https://pmc.ncbi.nlm.nih.gov/articles/PMC12274731/,oa,mosquito homogenate in EMEM 2% FBS; plaque overlay DMEM 2% FBS; title: Mosquito-borne alphaviruses in Zambia: Isolation and characterization of Eilat and Sindbis viruses.,EMEM containing 10 % fetal bovine serum (FBS) under 5 % CO 2,mosquitoes were homogenized in EMEM with 2 % FBS,batch1
VI76,2026,covert mortality nodavirus (CMNV),C6/36/insect+fish lines,MEM/L-15/M199,10,2,,,,https://pmc.ncbi.nlm.nih.gov/articles/PMC13485972/,oa,serial passage insect/fish cell lines; infection medium 2% FBS,Eagle's MEM + 10% FBS + 2% penicillin–streptomycin,infection medium containing 2% FBS,batch1
VI77,2024,PDCoV (porcine deltacoronavirus),,DMEM,10,2,,,,https://pmc.ncbi.nlm.nih.gov/articles/PMC11646886/,oa,two PDCoV strains tissue tropism; post-inoculation 2% FBS + antibiotics,"medium (Hyclone, USA) supplemented with 10% fetal bovine serum (FBS)",2 mL of DMEM containing 2% FBS and 1% dual-specific antibodies was added,batch1
VI78,2026,FAdV-4,,DMEM,10,2,,,,https://pmc.ncbi.nlm.nih.gov/articles/PMC13527229/,oa,Fujian Province isolation; LMH typical for FAdV-4 — cells not explicit in FBS snippets,complete medium containing 10% FBS and 1% penicillin/streptomycin,DMEM medium supplemented with 2% FBS and 1% penicillin/streptomycin was added,batch1
VI79,2025,RSV,A549/Vero/Vero E6,DMEM/RPMI-1640,10,2,,,,https://pmc.ncbi.nlm.nih.gov/articles/PMC13481564/,oa,EV-depleted FBS used; infection medium 2% FBS,"All media were supplemented with 10% fetal bovine serum (FBS), antibiotic-antimycotic mixture","containing 2% FBS (AU-S181T-500), depleted of EVs was added",batch1
VI80,2026,H3NX avian influenza,MDCK/DF-1/A549,DMEM,10,0,100,0.1,,https://pmc.ncbi.nlm.nih.gov/articles/PMC13087598/,oa,serum-free DMEM + TPCK-trypsin for infection (classic flu),grown in DMEM (Gibco) supplemented with 10% FBS and ... penicillin (100 U/mL) and streptomycin (100 μg/mL),further incubated with serum-free DMEM supplemented with 1 μg/mL TPCK-treated trypsin,batch1
VI81,2026,FAdV,LMH,DMEM/F12,10,2,100,0.1,,https://pmc.ncbi.nlm.nih.gov/articles/PMC13521011/,oa,isolation/pathogenicity FAdV,"supplemented with 10% fetal bovine serum (FBS, Gibco, USA) plus penicillin (100 U/mL) and streptomycin (100",fresh DMEM/F12 (1:1) medium containing 2% FBS at 37°C,batch1
VI82,2025,nervous necrosis virus (NNV),,L-15,5,2,,,,https://pmc.ncbi.nlm.nih.gov/articles/PMC12197554/,oa,reassortants wild vs farmed; maintenance medium 2% FBS until CPE complete; fish cell line implied,medium (L-15; Gibco) supplemented with 5% foetal bovine serum (FBS; Hyclone),"incubated with L-15 supplemented with 2% FBS (maintenance medium) at 25°C, until the cytopathic effect (CPE) was complete",batch1
VI83,2025,CPV-2c (canine parvovirus),,RPMI 1640,10,2,,,,https://pmc.ncbi.nlm.nih.gov/articles/PMC13163062/,oa,verify virus from full text title in meta; dual 10/2 pattern clear; title: Molecular Characterization of Representative CPV-2c Isolates and Establishment of VP2-Targeted Nanobody-Based Immunodete; title: Molecular Characterization of Representative CPV-2c Isolates and Establishment of VP2-Targeted Nanob,"supplemented with 10% fetal bovine serum (Cellmax, Beijing, China)",RPMI 1640 maintenance medium containing 2% FBS was added,batch1
VI84,2025,porcine teschovirus 2 (PTV-2),PK-15/ST/Vero,DMEM,10,2,,,,https://pmc.ncbi.nlm.nih.gov/articles/PMC12474445/,oa,post-wash maintained DMEM/2% FBS; dilutions in serum-free; title: Isolation and Characterization of a Novel Porcine Teschovirus 2 Strain: Incomplete PERK-Mediated Unfolded Protein Respon; title: Isolation and Characterization of a Novel Porcine Teschovirus 2 Strain: Incomplete PERK-Mediated Unf,DMEM supplemented with 10% fetal bovine serum (FBS) at 37 °C with 5% CO 2,washed with PBS and maintained in DMEM/2% FBS,batch1
VI85,2025,feline astrovirus,,DMEM,10,2,100,0.1,,https://pmc.ncbi.nlm.nih.gov/articles/PMC12323737/,oa,growth 10% heat-inactivated FBS; maintained 2% FBS; title: Isolation and preliminary pathogenicity of a recent feline astrovirus strain in China.; title: Isolation and preliminary pathogenicity of a recent feline astrovirus strain in China.,"DMEM (Gibco, USA) supplemented with 10% heat-inactivated fetal bovine serum (FBS; Gibco, USA), 100 U/ml penicillin, and 100 μg/ml streptomycin",maintained in DMEM supplemented with 2% FBS,batch1
VI86,2026,Duck Tembusu virus (DTMUV),,DMEM,10,1,,,,https://pmc.ncbi.nlm.nih.gov/articles/PMC13119985/,oa,maintenance medium DMEM 1% FBS,DMEM supplemented with 10% fetal bovine serum (FBS),maintenance medium consisting of DMEM with 1% FBS,batch1
VI87,2025,novel duck orbivirus,,DMEM,10,1,,,,https://pmc.ncbi.nlm.nih.gov/articles/PMC12668858/,oa,isolation/pathogenicity; post-adsorption 1% FBS,"DMEM, Gibco, USA) supplemented with 10% fetal bovine serum (FBS, PAN, Germany) and used for further virus isolation","for 1 h, cells were maintained in DMEM containing 1% FBS",batch1
VI88,2025,vaccine-like recombinant virus (cellular tropism study),,DMEM,10,3,,,,https://pmc.ncbi.nlm.nih.gov/articles/PMC12688635/,oa,"growth 10% / maintenance 3% FBS; title: Phylogenetic Analysis, Morphological Characteristics, and Cellular Tropism of Vaccine-Like Recombina",All cells were cultured in DMEM supplemented with 10% FBS for growth,maintained in DMEM with 3% FBS,batch1
VI89,2025,FHV-1 (MLV strain F2 clinical re-isolation),,MEM,10,4,,,,https://pmc.ncbi.nlm.nih.gov/articles/PMC11700429/,oa,plaque overlay 4% FBS; growth 10%; post value is plaque agar serum not classic liquid maintenance,MEM supplemented with 10% fetal bovine serum was used as growth medium,"9% Difco Agar ... and 4% fetal bovine serum, and incubated at 37°C for 3 days",batch1
VI90,2025,HSV-2 (primary clinical isolate),HEL fibroblasts,DMEM,8,2,,,,https://pmc.ncbi.nlm.nih.gov/articles/PMC12298504/,oa,primary infection immunocompromised patient; stocks in 2% FBS,supplemented with 8% fetal bovine serum (FBS),clinical samples were grown on HEL fibroblasts in DMEM (2% FBS) to prepare virus culture stocks,batch1
VI91,2021,RSV / measles (secondary infection methods),,DMEM,10,2,,,,https://pmc.ncbi.nlm.nih.gov/articles/PMC8446675/,oa,secondary infection methods (not primary clinical isolation),"containing 10% FBS (Atlanta Biologicals, Atlanta, GA, United States)","After infection, 2% FBS was added to the DMEM, and the cells were incubated for 3 days until syncytia were evident",batch1
VI92,2026,DENV (antiviral NDGA study),,EMEM,10,2,,,,https://pmc.ncbi.nlm.nih.gov/articles/PMC13147777/,oa,secondary propagation; gentamicin in medium,"supplemented with 10% fetal bovine serum (FBS, Natocor)","Cells were then incubated in EMEM with 2% FBS at 37 °C, 5% CO 2",batch1
VI93,2026,DENV-2,C6/36/Vero,RPMI-1640/DMEM,10,2,,,,https://pmc.ncbi.nlm.nih.gov/articles/PMC12977633/,oa,plaque overlay DMEM 2% FBS; C6/36 growth RPMI 10%,"RPMI-1640; GIBCO, USA) with 10% fetal bovine serum (FBS; Procell, China) at 28 °C",4% agarose overlay in DMEM supplemented with 2% FBS,batch1
VI94,2025,PDCoV-related viruses (house sparrows),,DMEM/MEM,10,5,100,0.1,,https://pmc.ncbi.nlm.nih.gov/articles/PMC12568082/,oa,multiple cell media 5% or 10% FBS; trypsin serum-free for some inoculations — mixed; verify which is infection,"DMEM in the presence of 10% of FBS (Hyclone) and PSG (100 U/mL penicillin, 100 μg/mL streptomycin",cultured in minimum essential medium (MEM) plus 5% FBS and the PSG,batch1
VI99,2020,PEDV (coronavirus HLJBY),Vero,DMEM,8,2,,,,https://doi.org/10.1111/tbed.13321,pdf_extracted,"PDF screened 2026-09-18. Clear dual: Vero grown with 8% FBS, maintained in DMEM + 2% FBS; HLJBY passaged in Vero.","HyClone) supplemented with 8% foetal bovine serum (FBS, GIBCO)",maintained in maintenance medium (DMEM supplemented with 2% FBS) at 37 °C in a 5% CO2 incubator,paywall_batch
VI105,1996,rhinovirus (HRV; HEL vs HeLa susceptibility),HeLa-I/HeLa-M/HeLa-H; WI-38; MRC-5; FT,MEM (growth); McCoy (HeLa maint); MEM (HELF maint),10,2,,,,https://doi.org/10.1128/jcm.34.5.1277-1279.1996,pdf_extracted,PDF screened 2026-09-18. Dual coded for HeLa arm: growth 10% bovine serum (explicitly 5% fetal + 5% calf); HeLa maintenance McCoy + 2% FBS. HELF maintenance was MEM + 5% FBS (study 1) or 5% Fetalclone (study 2) — not used for dual pair. Rhinovirus isolation paper (title says rhinoviruses).,HeLa cells were grown in minimal essential medium (MEM) with 10% bovine serum (5% fetal serum and 5% calf serum),"Maintenance medium for HeLa cells was McCoy's medium (BioWhittaker) with 2% fetal bovine serum, 30 mM MgCl2, and antibiotics",paywall_batch
VI109,1983,rabies (street/fixed),skunk brain/kidney; raccoon kidney; CER; NA; BHK-21; MDCK,G-MEM,10,2,,,,https://doi.org/10.1128/iai.41.3.1370-1372.1983,pdf_extracted,PDF screened 2026-09-18. Dual for chamber-slide isolation: growth medium G-MEM + 10% FBS; after absorption overlaid with maintenance G-MEM + 2% FBS. Primary cell establishment used 15% FBS (noted; not used for dual pair).,"growth medium (G-MEM supplemented with 10% fetal bovine serum, 70 µg of gentamicin per ml, and 2.0 mM L-glutamine)","overlaid with 400 µl of maintenance medium, viz., G-MEM supplemented with 2% fetal bovine serum, 2.0 mM L-glutamine, and 70 µg of gentamicin per ml",paywall_batch
VI110,1980,parainfluenza,portable field cell cultures (types as in text),medium 199 or Eagle MEM,10,2,,,,https://doi.org/10.1128/jcm.11.5.535-536.1980,pdf_extracted,PDF screened 2026-09-18. Clear dual: propagated with 10% FBS; maintenance 2% FBS.,were propagated in medium 199 or Eagle minimum essential medium supplemented with 10% fetal bovine serum and antibiotics,"For cell maintenance, each medium contained 2% fetal bovine serum",paywall_batch
VI111,1981,Crohn disease inoculum CPE study (viral culture),Ohio HeLa; MRC5; (also others in text),Eagle's diploid medium / BME,10,2,,,,https://doi.org/10.1136/gut.22.10.823,pdf_extracted,"PDF screened 2026-09-18. HeLa grown Eagle BME diploid + 10% FCS, maintained with 2% FCS. MRC5 grown +10% FCS; maintenance FCS reduced to 2%. Dual 10→2.",Ohio HeLa cells were grown in Eagle's BME diploid medium (Gibco) plus 10% fetal calf serum,"and maintained in a similar medium but with 2% fetal calf serum, 2% tryptose phosphate broth",paywall_batch
VI112,1984,HAV,AGMK; BS-C-1; FRhK; MA-104; others,Eagle MEM / medium 199,10,2,,,,https://doi.org/10.1128/jcm.20.1.28-33.1984,pdf_extracted,PDF screened 2026-09-18. Growth: Eagle MEM + 10% heat-inactivated FBS. After 2-h adsorption: medium containing 2% heat-inactivated FBS added. Also reports serum-free maintenance supporting HAV equally well — dual uses standard 10→2 pair.,"containing Eagle minimal essential medium with Earle balanced salt solution, supplemented with 10% heat-inactivated fetal bovine serum (FBS), except where noted","After a 2-h period of viral adsorption at 35°C, medium containing 2% heat-inactivated FBS was added",paywall_batch
VI115,1988,CMV,HEF (human embryo fibroblast),Eagle MEM,5,2,,,,https://doi.org/10.1017/s095026880002937x,pdf_extracted,PDF screened 2026-09-18. Clear dual: grown MEM + 5% FCS; maintenance adjusted to 2% FCS.,"grown in Eagles minimal essential medium (MEM) supplemented with 5 % fetal calf serum (FCS), 9 mM sodium bicarbonate and 7 mM-HEPES buffer","In maintenance medium (MM) the supplements were adjusted to 2% FCS, 13 mM sodium bicarbonate and 14 mM-HEPES",paywall_batch
VI118,1984,HSV,HSV isolation cultures (as described),Dulbecco modified MEM,10,2,,,,https://doi.org/10.1128/jcm.20.1.120-122.1984,pdf_extracted,PDF screened 2026-09-18. Clear dual: culture medium DMEM + 10% FBS; changed to maintenance with 2% FBS immediately before specimen inoculation.,"The cell culture medium was Dulbecco modified minimal essential medium ... with 10% fetal bovine serum (Sterile Systems, Logan, Utah)","This medium was Dulbecco modified minimal essential medium with sodium bicarbonate and HEPES buffers as described above, 2% fetal bovine serum, and 50 µg",paywall_batch
VI121,1971,adenovirus types 4 and 7; coxsackievirus A21,WI-38 (and microcultures as described),Eagle MEM (Hanks BSS); L-15M maintenance,10,2,,,,https://doi.org/10.1128/am.22.5.784-796.1971,pdf_extracted,PDF screened 2026-09-18. Clear dual: grown Eagle MEM/Hanks BSS + 10% FCS; maintained L-15 + 2% FCS (L-15M).,grown in Eagle's minimum essential medium in Hanks balanced salt solution (BSS) and 10% fetal calf serum,"They were maintained in Leibovitz's L-15 medium containing 3% glutamine, 2% fetal calf serum, 100 units of penicillin, and 100 µg of streptomycin per ml (L-15M)",paywall_batch
VI200,1999,enteroviruses (groundwater concentrates),BGM,Eagle's MEM (Earle's salts),10,2,100,0.1,0.00025,https://pmc.ncbi.nlm.nih.gov/articles/PMC91045/,oa,Abbaszadegan et al. Appl Environ Microbiol. Antibiotic-antimycotic 100 U pen / 100 ug strep / 0.25 ug ampho; gentamicin 50 ug/ml post-inoc. Strep column as 0.1 mg/ml; ampho 0.00025 mg/ml.,BGM kidney cells were grown ... using Eagle's minimum essential medium with Earle's salts ... containing 10% fetal bovine serum,maintenance medium consisting of Eagle's minimum essential medium ... supplemented with 2% fetal bovine serum ... and one ml of gentamicin (50 μg/ml),batch2
VI201,2003,TGEV,ST (swine testicular),DMEM,10,2,-,-,-,https://pmc.ncbi.nlm.nih.gov/articles/PMC7117453/,oa,Korean TGEV field strains isolated on ST cells (1997/2000).,ST cells were grown in Dulbecco's modified Eagle medium (DMEM ...) supplemented with 10% fetal bovine serum (FBS),maintained in maintenance medium (MM) which was DMEM supplemented with 2% FBS,batch2
VI202,1991,TGEV,ST (swine testicle),Eagle's MEM,10,2,-,-,-,https://pmc.ncbi.nlm.nih.gov/articles/PMC7159502/,oa,Underwood et al. Aust Vet J. GM also gentamicin 50 ug/ml and fungizone 2.5 ug/ml.,Growth medium (GM) was Eagles minimum essential medium (MEM) supplemented with 10% foetal calf serum (FCS) and antimicrobials (50 μg gentamicin and 2.5 μg fungizone/ml).,Maintenance medium (MM) differed in that it was supplemented with 2% FCS.,batch2
VI203,2002,HSV (shell vial),Vero; HCE,MEM (Vero); SHEM (HCE),5,1,-,-,-,https://pmc.ncbi.nlm.nih.gov/articles/PMC113264/,oa,Athmanathan et al. BMC Ophthalmol.,Vero cells were grown using MEM supplemented with 5% FBS.,maintenance medium (SHEM Supplemented with 1% FBS for HCE and MEM with 1% FBS for Vero cells),batch2
VI204,2002,HSV; HCMV,HF fibroblasts,MEM,10,1,-,-,-,https://pmc.ncbi.nlm.nih.gov/articles/PMC139995/,oa,Cooper et al. BMC Complement Altern Med.,"HF cells were grown in Minimal Essential Media supplemented with glutamine, antibiotics, and 10% foetal bovine serum (FBS).",Maintenance medium was supplemented with 1% FBS.,batch2
VI205,2004,HSV-1 SC16; HSV-2 G,Vero,DMEM,10,1,-,-,-,https://pmc.ncbi.nlm.nih.gov/articles/PMC535897/,oa,Bugli et al. J Transl Med.,grown and maintained in Dulbecco modified Eagle medium supplemented with 10% (growth medium; GM) or 1% (maintenance medium; MM) fetal bovine serum.,10% (growth medium; GM) or 1% (maintenance medium; MM) fetal bovine serum.,batch2
VI206,1978,measles (SSPE vs wild-type),Vero,BME,10,2,-,-,-,https://pmc.ncbi.nlm.nih.gov/articles/PMC2185000/,oa,Thormar et al. J Exp Med.,Vero cells ... were grown in Eagle's basal medium (BME) supplemented with 10% inactivated fetal calf serum (FCS),maintained in BME with 2% FCS.,batch2
VI208,1988,human rhinovirus,HEL fibroblasts; McCoy,EMEM; McCoy's,10,2,100,-,-,https://pmc.ncbi.nlm.nih.gov/articles/PMC7110071/,oa,Also gentamicin 20 ug/ml in HEL growth medium.,"Eagle's MEM (EMEM) supplemented with 10% fetal bovine serum, penicillin (100U/mL), and gentamicin (20 μg/mL).",maintenance medium (EMEM with 2% fetal bovine serum),batch2
VI209,1975,IBR/BHV-1,MDBK,Eagle's MEM / Medium 199,10,2,-,-,-,https://pmc.ncbi.nlm.nih.gov/articles/PMC275200/,oa,Darcel. Can J Comp Med. Veterinary herpesvirus.,"MDBK ... grown ... with Eagle minimal essential medium ... 10% fetal bovine serum, and antibiotics.",Minimal essential medium with 2% fetal bovine serum was used as maintenance ... Medium 199 plus 2% fetal bovine serum,batch2
VI210,1982,rat coronavirus (sialodacryoadenitis-related),HeLa; LBC; REC,MEM,10,2,-,-,-,https://pmc.ncbi.nlm.nih.gov/articles/PMC7086715/,oa,Hirano et al. Arch Virol.,MEM supplemented with 10 per cent fetal calf serum ... (growth medium).,Eagle's minimum essential medium (MEM) supplemented with 2 per cent of fetal calf serum (maintenance medium),batch2
VI211,1969,human coronavirus 229E / related coronaviruses,BHK-21; human embryo lung L132; HeLa; others,Eagle's medium,10,2,-,-,-,https://pmc.ncbi.nlm.nih.gov/articles/PMC7086760/,oa,Bradburne & Tyrrell. Arch Gesamte Virusforsch. Growth vs maintenance table.,BHK-21 ... 10% foetal calf serum in Eagle's,2% foetal calf serum in Eagle's,batch2
VI212,1984,enteroviruses (faecal isolation),HRT-18,RPMI 1640,10,2,100,0.01,-,https://pmc.ncbi.nlm.nih.gov/articles/PMC7166571/,oa,Patel et al. J Med Virol. Strep 10 ug/ml = 0.01 mg/ml.,"grown ... in RPMI 1640 supplemented with 10% FCS, 100 units/ml penicillin, 10 μg/ml streptomycin","maintenance medium, RPMI 1640 containing 2% FCS, 30 mM sodium bicarbonate, and antibiotics (RPMI 2).",batch2
VI214,1984,human respiratory coronavirus,(Bradburne culture system),Eagle's BME (growth); Leibovitz L15 (maint),10,2,-,-,-,https://pmc.ncbi.nlm.nih.gov/articles/PMC7166702/,oa,Growth newborn calf serum; maintenance FBS + gentamicin 50 ug/ml + DEAE-dextran.,grown in Eagle's basal medium with 10% newborn calf serum,"maintained in Leibovitz L15 medium with glutamine 2 mM, 2% foetal bovine serum, gentamicin 50 μg/ml and DEAE dextran 20 μg/ml.",batch2
VI215,2004,ISAV,TO; CHSE-214,HMEM / Hank's MEM,10,5,100,0.1,0.00025,https://pmc.ncbi.nlm.nih.gov/articles/PMC7172414/,oa,Snow et al. J Virol Methods. Aquatic veterinary virus.,supplemented with 10% heat inactivated fetal bovine serum (FBS),"for maintenance medium, the FBS was reduced to 5%.",batch2
VI216,2004,SARS-CoV 2003VA2774,Vero E6,Medium 199,10,5,-,-,-,https://pmc.ncbi.nlm.nih.gov/articles/PMC3323075/,oa,Chen et al. Emerg Infect Dis. Post-adsorption 5% FCS.,growth medium consisting of medium 199 ... supplemented with 10% fetal calf serum (FCS),13 mL of medium 199 supplemented with 5% FCS was then added.,batch2
VI217,2003,PIV-3; PRCV,Vero76; MDBK; ST,MEM,10,2 (ST); 0 (Vero76/MDBK),100,0.1,-,https://pmc.ncbi.nlm.nih.gov/articles/PMC7125565/,oa,van der Strate et al. Antiviral Res. PRCV on ST.,"grown in Eagle's minimal essential medium (MEM) ... supplemented with 10% foetal calf serum (FCS), 100 U/ml penicillin and 100 μg/ml streptomycin","For cell-maintenance the foetal calf serum concentration was lowered to 2% for ST cells and to 0% for Vero76 cells and MDBK cells, respectively.",batch2
VI218,1998,enteroviruses; adenoviruses,t-MK; HEL diploid,Optimem 1 (pre); Eagle MEM (post),2,3,-,0.1,-,https://pmc.ncbi.nlm.nih.gov/articles/PMC105078/,oa,Van Doornum & De Jong. J Clin Microbiol.,Optimem 1 (Gibco) maintenance medium with 2% fetal calf serum (FCS) was removed from the cells.,"maintenance medium Eagle MEM in Hanks and Earle BSS (1:1) ... vancomycin (0.1 mg/ml), streptomycin (0.1 mg/ml), and 3% FCS.",batch2
VI219,2000,PEDV,Vero / porcine cultures,Eagle's MEM,10,0,-,-,-,https://pmc.ncbi.nlm.nih.gov/articles/PMC7117361/,oa,Serum-free trypsinized maintenance for PEDV.,"Growth medium (GM) was Eagle's minimum essential medium (MEM) containing 0.3% tryptose phosphate broth, 10% inactivated fetal calf serum (FCS) and antibiotics","Maintenance medium (MM) consisted of Eagle's MEM with 0.3% tryptose phosphate broth, 0.02% yeast extract, and 10 μg/ml trypsin (no serum).",batch2
VI220,1989,JEV; YFV (glycoprotein study),Vero; C6/36,MEM; MM/VP12,5 (Vero); 10 (C6/36),1 (Vero); 2 (C6/36),-,-,-,https://pmc.ncbi.nlm.nih.gov/articles/PMC7125691/,oa,Mason. Virology. Arbovirus/flavivirus.,Vero ... grown ... in Eagle's minimal essential medium (MEM) supplemented with 5% heated fetal bovine serum (FBS),"containing less FBS: 1%, Vero cells; 2%, C6/36 cells). Following 1 hr of virus absorption",batch2
VI221,1965,myxovirus (infectious hepatitis study),continuous cultures (paper),Eagle's MEM,10,2,-,-,-,https://pmc.ncbi.nlm.nih.gov/articles/PMC2138105/,oa,Hsiung et al. J Exp Med. Agammaglobulinemic calf serum.,grown in Eagles minimal essential medium (MEM) ... containing antibiotics and 10 per cent agammaglobulinemic calf serum (MEM-10 CS),maintained in MEM containing 2 per cent agammaglobulinemic calf serum (MEM-2CS).,batch2
VI222,1970,Chikungunya virus,L929; guinea pig lung,medium 199 / Eagle basal,10,5,-,-,-,https://pmc.ncbi.nlm.nih.gov/articles/PMC376692/,oa,Higashi et al. Appl Microbiol. Classic arbovirus.,"10% tryptose phosphate broth, and 10% fetal calf serum (FCS).",Maintenance medium consisted of ... medium 199 ... plus 5% FCS.,batch2
VI223,1983,rabies (street strain),primary skunk brain/kidney; raccoon kidney; lines,G-MEM,10,2,-,-,-,https://pmc.ncbi.nlm.nih.gov/articles/PMC264649/,oa,Umoh & Blenden. J Clin Microbiol. Distinct from existing VI46.,G-MEM supplemented with 10% fetal bovine serum,G-MEM supplemented with 2% fetal bovine serum,batch2
VI224,1989,FIPV (DF2),NLFK,BME,5,2,-,-,-,https://pmc.ncbi.nlm.nih.gov/articles/PMC7086852/,oa,Veterinary coronavirus; post from post-inoculum medium with dialyzed FBS.,propagated in Basal Medium Eagle (BME) supplemented with 5% fetal bovine serum (FBS),"After removal of the inoculum, 2 ml of BME containing 2% dialyzed FBS",batch2
VI225,1968,parainfluenza 1-3; SV5,VERO; HEp-2; MK; V-H mixed,Eagle's MEM,15,2,500,-,-,https://www.jstage.jst.go.jp/article/mandi1957/12/3/12_3_275/_pdf,oa,Numazaki et al. Jpn J Microbiol.,VERO cells were grown ... with ... 15 per cent bovine serum. HEp-2 cells were grown in Eagle's minimum essential medium (MEM) with 15 per cent bovine serum.,Three cell cultures were maintained in MEM with 2 per cent bovine serum for the virus isolation.,batch2
VI226,1972,measles SSPE (brain biopsy),Vero coculture,BME,4,2,-,0.1,-,https://archrazi.areeo.ac.ir/article_108816_72ba44a25505a5edcb8bb10bc733b746.pdf,oa,Mirchamsy et al. Arch Razi. Strep 100 ug/ml; neomycin 50 ug/ml.,"growth medium was BME supplemented with 4% fetal calf serum, 100 μg/ml streptomycin and 50 μg/ml neomycin.",maintenance medium (similar to growth medium but containing 2% fetal calf serum).,batch2
VI227,2004,IBDV,Vero; CER,MEM,(ref. Cardoso 2000),2,-,-,-,https://www.redalyc.org/pdf/1797/179713982009.pdf,oa,Silva et al. Braz J Poult Sci. Growth per Cardoso 2000; explicit 2% calf serum post-inoculation.,The growth medium for CER and Vero cells was used as described by Cardoso et al. (2000) and Ferreira et al. (2003).,"maintenance medium consisting of minimum essential medium (MEM), antibiotics and 2% of calf serum was added",batch2
VI228,1997,PRRSV (EDRD-1),MARC-145,Eagle's MEM,8,2,-,-,-,https://www.jstage.jst.go.jp/article/jvms/59/1/59_1_31/_pdf,oa,Takikawa et al. J Vet Med Sci. Gentamycin 50 ug/ml in maintenance.,The cells were grown in Eagle's minimum essential medium (MEM) containing 8% fetal calf serum.,The maintenance medium was MEM containing 2% fetal calf serum and 50 μg/ml of gentamycin.,batch2
VI229,1997,PRRSV (EDRD-1),MARC-145,Eagle's MEM,5,2,100,0.1,-,https://www.jstage.jst.go.jp/article/jvms/59/4/59_4_281/_pdf,oa,Jusa et al. J Vet Med Sci. Growth also fungizone 2 ug/ml. MM line ends 2% at page break; fetal serum noun truncated in PDF extract.,"MARC-145 cells were grown ... in Eagle's minimum essential medium (MEM) containing 5% inactivated bovine fetal serum, 10% tryptose phosphate broth (TPB), ... 100 units/ml penicillin, 100 μg/ml streptomycin and 2 μg/ml fungizone.","The maintenance medium (MM) was MEM containing 10% TPB, 0.162% NaHCO3, 0.5% lactalbumin hydrolysate, 2% [fetal serum; continues after page break]",batch2
VI230,1982,influenza A/B (clinical NPA isolation),respiratory isolation cell panel,(see paper),5-10,1-2,-,-,-,https://pmc.ncbi.nlm.nih.gov/articles/PMC2536362/,oa,Rapid diagnostic influenza isolation comparison. OCR 5-10%/1-2%; LLC-MK2 often serum-free post.,5-10% fetal calf serum (FCS) and were maintained in,similar medium with 1-2% FCS. Prior to inoculation ... remove the serum.,batch2
VI231,1973,California encephalitis virus,Vero CCL-81,Eagle's MEM,7.5,2,-,-,-,https://pmc.ncbi.nlm.nih.gov/articles/PMC7111277/,oa,Lyons & Heyduk. Virology. Newborn calf serum. Arbovirus.,Growth medium ... 7.5% newborn calf serum.,MEM (Earle's salts) plus 2% serum was employed as maintenance medium.,batch2
VI232,2005,WNV (3356); flavivirus assays,Vero CCL-81,MEM,(BHK companion 10% DMEM),2,100,0.1,-,https://pmc.ncbi.nlm.nih.gov/articles/PMC1069577/,oa,Deas et al. J Virol. Vero cultured at 2% FBS; BHK lines DMEM+10%. Year 2005 borderline.,A reporting BHK cell line ... was maintained in DMEM with 10% FBS,"Vero cells ... were cultured in minimal essential medium supplemented with 2% FBS, 2 mM L-glutamine, 0.3% sodium bicarbonate, 100 U of penicillin/ml, and 100 μg of streptomycin/ml.",batch2
VI234,1990,HSV (clinical isolation),"RD, mink lung; MRC-5 shell vials",(standard tube/vial media),10,5,-,-,-,https://pubmed.ncbi.nlm.nih.gov/2159017/,abstract,provisional_id=ADV003. J Clin Microbiol Omni Serum comparator: FBS arm 10% growth / 5% maintenance. Primary/clinical isolation.,Cells grown with 10% FBS,maintained with 5% FBS,adversarial_2026-09-18
VI235,2021,Zika virus (mosquito suspension isolation),C6/36,L-15 + 10% TPB,10,5,-,-,-,https://journals.plos.org/plosone/article?id=10.1371/journal.pone.0255314,oa,provisional_id=ADV004. Primary isolation from mosquito suspension; growth 10% FBS (+TPB); post maintained 5% FBS.,grown in Leibovitz's-15 (L-15) medium ... 10% fetal bovine serum (FBS) ... 10% tryptose phosphate broth,inoculated onto the C6/36 cell monolayers and maintained in medium supplemented with 5% FBS,adversarial_2026-09-18
VI236,2024,Yellow fever virus (mosquito pool isolation),Vero,MEM,10,1,-,-,-,https://wwwnc.cdc.gov/eid/article/31/4/24-0108-app1.pdf,oa,provisional_id=ADV005. EID appendix: after adsorption Vero gets 1% FBS (not 2%).,grown in MEM ... supplemented with 10% FBS,MEM culture medium containing 1% inactivated FBS was added for Vero,adversarial_2026-09-18
VI237,2023,West Nile virus,Vero / Vero E6,DMEM,5,5,-,-,-,https://doi.org/10.17504/protocols.io.14egn2e7pg5d/v1,oa,"provisional_id=ADV006; HOLD001. protocols.io clinical isolation SOP (Nagy, Natl Public Health Center Hungary). Equal 5→5 hold (non-stepdown).",Cell culture medium: DMEM ... 5% Foetal Bovine Serum (FBS),Add cell culture medium (DMEM) with 5% FBS,adversarial_2026-09-18
VI239,2022,Influenza A H3N2 (clinical isolation),MDCK,DMEM,10,0,-,-,-,https://doi.org/10.11648/j.ijmb.20220701.14,abstract,provisional_id=ADV008. Clinical sample isolation/propagation: after inoculation medium WITHOUT FBS + trypsin + BSA.,passaged in ... DMEM ... 10% (vol/vol) fetal bovine serum (FBS),5 ml medium (without FBS) supplemented with 4 µg/ml trypsin and 10% bovine serum albumin (BSA) was added,adversarial_2026-09-18
VI240,1981,ophthalmic viruses (HSV etc. primary isolation),Hep 2,Eagle's MEM,10,3,-,-,-,https://doi.org/10.1136/bjo.65.8.546,abstract,"provisional_id=ADV012. McSwiggan et al. Br J Ophthalmol primary isolation comparison. Hep2: 10% FBS growth, 3% serum maintenance.",propagated in Eagle's MEM with 10% fetal bovine serum,maintained in similar medium but with 3% serum,adversarial_2026-09-18
VI241,1981,ophthalmic viruses primary isolation,HEK (primary human embryo kidney),Eagle's basal medium / Medium 199,10,2,-,-,-,https://doi.org/10.1136/bjo.65.8.546,abstract,"provisional_id=ADV013. Same McSwiggan paper: serum TYPE is newborn calf serum (NBCS), not FBS; coded % in FBS columns for corpus consistency.",supplemented with ... 10% newborn calf serum (NBCS),maintained on maintenance medium (MM)-Medium 199-supplemented with 2% NBCS,adversarial_2026-09-18
VI242,1981,ophthalmic viruses primary isolation,HEI (human embryo intestine),EBM,15,2,-,-,-,https://doi.org/10.1136/bjo.65.8.546,abstract,provisional_id=ADV014. Same McSwiggan paper: 15% NBCS growth → 2% NBCS maintenance. Nonclassic pre %; serum type NBCS.,"seeded into test-tubes with EBM, 15% NBCS",MM was identical to that used for HEK [2% NBCS],adversarial_2026-09-18
VI243,1962,bovine enteroviruses (dairy herd isolation),primary bovine kidney,0.5% lactalbumin hydrolysate in Hanks BSS,5,0,-,-,-,https://doi.org/10.3168/jds.S0022-0302(62)89523-X,abstract,provisional_id=ADV015. Growth 5% bovine serum (adult/non-fetal); isolation-tube maintenance: no serum. Serum type noted in notes.,growth of the dispersed cells in a culture medium consisting of: ... 5.0% bovine serum,maintained with a medium which differed from the growth medium only in the fact that no serum was added,adversarial_2026-09-18
VI244,1988,CMV (shell vial / clinical isolates),FLOW 2000 fibroblasts; MRC-5,MEM,10,5,-,-,-,https://doi.org/10.1002/cyto.990090311,abstract,provisional_id=ADV016. Shell-vial style clinical CMV: after centrifugation inoculum removed; fed MEM + 5% FBS.,propagated in ... MEM ... supplemented with 10% fetal bovine serum (FBS),"The inoculum was removed, and the cells were fed with 1.0 ml MEM supplemented with 5% FBS",adversarial_2026-09-18
VI245,2012,Influenza; hMPV; PIV-4,MDCK (SF); Vero E6 (SF),serum-free formulations,0,0,-,-,-,https://www.intechopen.com/chapters/40221,oa,provisional_id=HOLD003/ADV010. Lednicky & Wyatt methods chapter: serum-free MDCK for influenza isolation; Vero E6 SF for hMPV/PIV-4. Equal 0→0 hold.,we have used MDCK cells in serum-free media with antibiotics for the isolation of influenza viruses,isolate human metapneumoviruses ... in Vero E6 cells maintained in serum-free media,adversarial_2026-09-18
VI246,2015,FMDV (clinical samples; experimental infection animals),ZZ-R 127; LFBK-αvβ6,commercial medium (as stated),10,10,-,-,-,https://pubmed.ncbi.nlm.nih.gov/26082457/,abstract,provisional_id=HOLD005. Fukai et al. J Vet Diagn Invest. OIE-manual-style virus isolation from clinical samples. Equal 10→10 hold. Full PDF not ingested (paywall).,Cells ... seeded using the commercial medium supplemented with 10% FBS,the commercial medium supplemented with 10% of FBS was added. Cultures incubated 72 h.,adversarial_2026-09-18
VI247,2021,SARS-CoV-2,Vero E6,DMEM,10,2.5,100,0.1,,https://doi.org/10.1177/20402066211061063,abstract,Clinical SARS-CoV-2 isolation + antiviral testing protocol. Growth 10% FBS DMEM; infection/maintenance 2.5% FBS DMEM. Dual non-classic 10->2.5. | lang=en; thread=SARS clinical protocols,Vero E6 cells are thawed in a culture flask 75 cm2 in 10% FBS DMEM,cells are infected ... with 2.5% FBS DMEM ... infection mix is then removed and 2 mL of 2.5% FBS DMEM is added,expansion_2026-09-18_power
VI248,2024,SARS-CoV-2,VeroE6/TMPRSS2; Vero E6-TMPRSS2-T2A-ACE2,DMEM,10,2,100,,,https://doi.org/10.1038/s41598-024-75038-4,oa,NIID Japan clinical specimen isolation. Cells grown 10% FBS; isolation medium DMEM + 2% FBS + Antibiotic-Antimycotic. | lang=en; thread=NIID / Matsuyama lineage,Vero E6 cells ... maintained ... in DMEM ... containing 10% heat-inactivated fetal bovine serum (FBS,"50 uL of respiratory sample was mixed with isolation medium [DMEM supplemented with 2% FBS, 1% Antibiotic-Antimycotic]",expansion_2026-09-18_power
VI249,2013,Influenza A (exhibition swine),MDCK (SFM-adapted),SFM / MEM,10,0,1200,1.2,0.003,https://doi.org/10.1177/1040638712470449,abstract,Comparative isolation techniques for contemporary IAV in exhibition swine. Cells grown MEM+10% FBS then transitioned to SFM; viral growth medium is serum-free + trypsin 0.5 ug/ml. | lang=en; thread=influenza serum-free,MDCK cells ... grown in minimum essential medium ... supplemented with ... 10% fetal bovine serum (FBS),Viral growth medium was prepared by supplementing SFM with antimicrobials ... and TPCK-treated trypsin (0.5 ug/ml) [serum-free],expansion_2026-09-18_power
VI250,2020,Influenza (clinical; vaccine seed isolation),MDCK-A; LLC-MK2D; MDCK-S,MEM / OptiPRO,10,0,,,,https://pmc.ncbi.nlm.nih.gov/articles/PMC7040968/,oa,Selective isolation of influenza for vaccine seeds. Adherent MDCK/LLC-MK2 grown MEM+10% FBS; isolation medium OptiPRO serum-free + TrypZean/trypsin. | lang=en; thread=influenza serum-free,MDCK-A and LLC-MK2D cells were subcultured in MEM supplemented with 10% fetal bovine serum (FBS),OptiPRO serum-free medium containing ... TrypZean ... was used to prepare the virus isolation medium,expansion_2026-09-18_power
VI251,2004,RSV (nasopharyngeal aspirates),HEp-2,MEM-E,10,2,1000,1,,https://www.scielo.br/j/mioc/a/zJh549P7hQB4R98sdj7PqcR/?lang=en,oa,Fiocruz/Brazil clinical RSV isolation from stored NPA. PT/ES regional OA. Growth 10% FBS; post-adsorption MEM-E + 2% FBS. | lang=pt/en; thread=Latin America / Fiocruz,HEp-2 cells were maintained in the medium described above supplemented with 10% fetal bovine serum (FBS),Specimens were allowed to adsorb for 30 min at 35C before adding 1.5 ml of fresh MEM-E plus 2% FBS,expansion_2026-09-18_power
VI252,1991,human paramyxoviruses (PIV/mumps) primary isolation,NCI-H292,EMEM / Medium 199,10,2,,,,https://europepmc.org/articles/PMC7086893,oa,Hierholzer et al. Arch Virol. NCI-H292 as alternative for human paramyxovirus isolation. Growth EMEM/10% FBS; first-trial maintenance Medium 199 + 2% FBS. Later trials used trypsin/serum-free variants. | lang=en; thread=Hierholzer / CDC paramyxovirus,All cells were prepared weekly as tube cultures under EMEM/10% FBS or EMEM/7% FBS/1% ITS growth media,The first trial utilized a maintenance medium consisting of Medium 199 with 2% FBS,expansion_2026-09-18_power
VI253,2007,hMPV (clinical isolation),Vero E6,MEM,10,0,100,0.0001,,https://doi.org/10.1128/jcm.01251-06,oa,Abiko/Mizuta Yamagata hMPV outbreak isolation. Growth MEM+10% FBS; maintenance MEM + crystallized trypsin 2 ug/ml (no FBS) + vitamins/glucose. Author thread Mizuta. | lang=en; thread=Mizuta Yamagata,The growth medium for the Vero E6 cell line consisted of Eagle's minimum essential medium (MEM) with 10% fetal bovine serum (FBS),"The maintenance medium for the Vero E6 cell line consisted of MEM with crystallized trypsin ... (2 ug/ml), 5% MEM vitamin solution ... 0.2% glucose [no FBS]",expansion_2026-09-18_power
VI254,2019,respiratory viruses (HEF microplate),HEF,MEM,15,2,100,0.1,,https://doi.org/10.7883/yoken.JJID.2018.500,oa,Mizuta et al. JJID 2019 Yamagata PIPH microplate routine isolation SOP Table 1. Protocol change vs 2008 (was 10% growth). Cell=HEF GM 15% -> MM 2% FBS. | lang=en/ja; thread=Mizuta Yamagata,HEF MEM +15% FBS,MEM+2% FBS,expansion_2026-09-18_power
VI255,2019,respiratory viruses (HEp-2 microplate),HEp-2,MEM,2,2,100,0.1,,https://doi.org/10.7883/yoken.JJID.2018.500,oa,Mizuta et al. JJID 2019 Yamagata PIPH microplate routine isolation SOP Table 1. EQUAL-HOLD 2->2. Cell=HEp-2 GM 2% -> MM 2% FBS. | lang=en/ja; thread=Mizuta Yamagata,HEp-2 MEM+2% FBS+1.7% glucose,MEM+2% FBS+1.7% glucose,expansion_2026-09-18_power
VI256,2019,influenza / respiratory (MDCK microplate),MDCK,MEM,8,0,100,0.1,,https://doi.org/10.7883/yoken.JJID.2018.500,oa,Mizuta et al. JJID 2019 Yamagata PIPH microplate routine isolation SOP Table 1. Serum-free trypsin MM. Cell=MDCK GM 8% -> MM 0% FBS. | lang=en/ja; thread=Mizuta Yamagata,MDCK MEM+8% FBS,MEM+crystalized trypsin (2 ug/mL) [no FBS],expansion_2026-09-18_power
VI257,2019,enteroviruses (GMK microplate),GMK,MEM,10,2,100,0.1,,https://doi.org/10.7883/yoken.JJID.2018.500,oa,Mizuta et al. JJID 2019 Yamagata PIPH microplate routine isolation SOP Table 1.  Cell=GMK GM 10% -> MM 2% FBS. | lang=en/ja; thread=Mizuta Yamagata,GMK MEM+10% FBS,MEM+2% FBS,expansion_2026-09-18_power
VI258,2019,parechovirus / PeV isolation (no trypsin MM),LLC-MK2-N,MEM,10,2,100,0.1,,https://doi.org/10.7883/yoken.JJID.2018.500,oa,Mizuta et al. JJID 2019 Yamagata PIPH microplate routine isolation SOP Table 1. Without trypsin for PeV isolation. Cell=LLC-MK2-N GM 10% -> MM 2% FBS. | lang=en/ja; thread=Mizuta Yamagata,LLC-MK2-N MEM+10% FBS,MEM+2% FBS,expansion_2026-09-18_power
VI259,2019,parainfluenza isolation (trypsin MM),LLC-MK2-N,MEM,10,0,100,0.1,,https://doi.org/10.7883/yoken.JJID.2018.500,oa,Mizuta et al. JJID 2019 Yamagata PIPH microplate routine isolation SOP Table 1. With trypsin for PIV. Cell=LLC-MK2-N GM 10% -> MM 0% FBS. | lang=en/ja; thread=Mizuta Yamagata,LLC-MK2-N MEM+10% FBS,MEM+crystalized trypsin (10 ug/mL) [no FBS],expansion_2026-09-18_power
VI260,2019,EV-D68 / CV-A6 isolation,RD-A,MEM,10,5,100,0.1,,https://doi.org/10.7883/yoken.JJID.2018.500,oa,Mizuta et al. JJID 2019 Yamagata PIPH microplate routine isolation SOP Table 1. Non-classic 10->5. Cell=RD-A GM 10% -> MM 5% FBS. | lang=en/ja; thread=Mizuta Yamagata,RD-A MEM+10% FBS,MEM+5% FBS,expansion_2026-09-18_power
VI261,2019,Saffold virus isolation,RD-18S-N,MEM,10,2,100,0.1,,https://doi.org/10.7883/yoken.JJID.2018.500,oa,Mizuta et al. JJID 2019 Yamagata PIPH microplate routine isolation SOP Table 1.  Cell=RD-18S-N GM 10% -> MM 2% FBS. | lang=en/ja; thread=Mizuta Yamagata,RD-18S-N MEM+10% FBS,MEM+2% FBS,expansion_2026-09-18_power
VI262,2008,respiratory viruses (HEF microplate 2004-2005),HEF,MEM,10,2,50,0.4,,https://doi.org/10.7883/yoken.JJID.2008.196,oa,Mizuta et al. JJID 2008 Table 1 HHVe6MRG plate. HEF growth MEM+10% FBS; MM MEM+2% FBS. Distinct from 2019 HEF 15% protocol. | lang=en/ja; thread=Mizuta Yamagata,HEF ... Growth medium MEM+10% FBS,Maintenance medium MEM+2% FBS,expansion_2026-09-18_power
VI263,2008,respiratory viruses (RD-18S microplate),RD-18S,MEM,8,2,50,0.4,,https://doi.org/10.7883/yoken.JJID.2008.196,oa,Mizuta et al. JJID 2008 Table 1. RD-18S growth MEM+8% FBS; MM MEM+2% FBS. | lang=en/ja; thread=Mizuta Yamagata,RD-18S ... Growth medium MEM+8% FBS,Maintenance medium MEM+2% FBS,expansion_2026-09-18_power
VI264,2015,SFTSV (tick homogenate isolation),Vero E6,EMEM,10,2,,,,https://pmc.ncbi.nlm.nih.gov/articles/PMC4593780/,oa,Nagasaki University SFTSV epidemiological survey; tick homogenates inoculated in 2% FBS EMEM; cells maintained 10% FBS. | lang=en/ja; thread=Japan NIID/university arbovirus,Vero E6 cells were maintained in Eagle's Minimal Essential Medium (EMEM) containing 10% fetal bovine serum (FBS),homogenized ... with ... 2% FBS EMEM ... inoculated into cultured Vero E6 cells,expansion_2026-09-18_power
VI265,2022,PPRV (clinical tissues/swabs),Vero,DMEM,10,2,,,,https://www.thepharmajournal.com/archives/2022/vol11issue12/PartAE/11-12-166-726.pdf,oa,"PPRV isolation Saurashtra Gujarat. Vero growth DMEM+10% FBS; maintained/inoculated with DMEM+2% FBS. Distinct from CIRAD/NEADL SOP (same classic pattern, independent Indian practice). | lang=en; thread=PPRV veterinary isolation",Vero cells ... were propagated in growth medium (GM) containing Dulbecco's minimum essential medium (DMEM) supplemented with 10% fetal bovine serum (FBS),The cells were maintained in DMEM supplemented with 2% FBS. ... DMEM (2.5ml) supplemented with 2% FBS was added to each flask,expansion_2026-09-18_power
VI266,2023,HRSV (clinical PCR-positive),HeLa; HEp-2; Vero,DMEM,10,2,,,,https://doi.org/10.3855/jidc.17462,abstract,Prokopyeva et al. J Infect Dev Ctries. Russian HRSV isolation 2017-2018. Cells DMEM+10% FBS; maintenance DMEM+2% FBS after adsorption. VECTOR collection cells. | lang=en/ru; thread=Russian clinical RSV,"HeLa, HEp-2, Vero ... were maintained in Dulbecco's modified Eagle's medium ... 10% fetal bovine serum (FBS)",a maintenance medium consisting of DMEM ... with 2% of FBS ... was added into the wells,expansion_2026-09-18_power
VI267,2016,HPIV-1 and HPIV-3 (clinical),MNT-1,DMEM,10,0,,,,https://doi.org/10.1111/1348-0421.12446,abstract,Efficient isolation of HPIV1/3 using MNT-1 melanoma line. Growth DMEM+10% FBS; before inoculation medium changed to DMEM without FBS + crystallized trypsin. | lang=en/ja; thread=Japan paramyxovirus,We cultured MNT-1 cells in Dulbecco's modified eagle medium ... supplemented ... with 10% FBS,"Before specimen inoculation, we changed the medium to ... without FBS and either supplemented with crystalized trypsin",expansion_2026-09-18_power
VI268,2019,FMDV (clinical outbreak isolation),LFPK-alphav-beta6,DMEM,10,10,,,,https://doi.org/10.1128/mSphere.00294-19,oa,EQUAL-HOLD 10->10. Japanese FMDV outbreak isolates per OIE manual on LFPK-avb6; after adsorption cells received DMEM+10% FBS (same as growth). Valuable non-decrease pattern. | lang=en/ja; thread=FMDV national labs,The LFPK-alphav-beta6 cells were prepared using DMEM supplemented with 10% fetal bovine serum (FBS),The cells were washed again and added to the DMEM supplemented with 10% FBS,expansion_2026-09-18_power
VI269,2020,FMDV (experimental/clinical sample isolation),BHK-21 (FLI CCLV-RIE 164),MEM,1,1,,,,https://doi.org/10.3390/pathogens9020129,oa,EQUAL-HOLD 1->1. FLI (Friedrich-Loeffler-Institut) BHK-21 isolation: monolayers washed with MEM+1% FBS; after adsorption MEM+antibiotics+1% FBS added. Low-serum equal hold. | lang=en/de; thread=FLI / FMDV national labs,"Immediately before inoculation, the monolayers were washed with MEM with antibiotics and 1% fetal bovine serum (FBS)","After one hour at 37C, 5 mL of MEM with antibiotics and 1% FBS were added to the flasks",expansion_2026-09-18_power
VI270,1995,Lymphocystivirus (Iridoviridae),BF2,EMEM,10,2,,,,https://archimer.ifremer.fr/doc/00406/51774/52372.pdf,oa,French IFREMER DEA methods. BF2 growth EMEM+10% SVF (sérum de veau foetal=FBS); post-infection EMEM+2% SVF. Non-English source with explicit %. | lang=fr; thread=French / IFREMER aquatic,Les cellules BF2 sont cultivees ... dans le milieu de Eagle ... additionne de 10 % de serum de veau foetal (SVF),5 ml de milieu supplemente avec 2 % SVF sont additionnes [EN: 5 ml medium supplemented with 2% FBS],expansion_2026-09-18_power
VI271,n.d.,measles (clinical isolation),Vero/hSLAM,DMEM,10,2,,,,https://www.cdc.gov/measles/lab-tools/vero-slam.html,oa,CDC measles lab tool: Vero/hSLAM. Seed/grow DMEM+10% FBS; inoculations/adsorption/subsequent incubations DMEM+2% FBS. Public health guideline practice. | lang=en; thread=CDC / WHO measles isolation,Seed cells into flasks containing DMEM plus 10% FBS,"For inoculations, virus adsorption and subsequent incubations should be in DMEM plus 2% FBS",expansion_2026-09-18_power
VI272,2026,Ranavirus micropterus1 (McRV),BF-2,L-15,10,2,,,,https://doi.org/10.3389/fvets.2026.1829414,oa,Ornamental wrasse tissue homogenate isolation per WOAH Aquatic Manual ranavirus procedures. Growth L15+10% FBS; before inoculation replaced with L15+2% FBS. | lang=en; thread=aquatic ranavirus isolation; pattern=10->2,BF-2 cells were seeded ... using growth medium (10% FBS/L15),"Before inoculation, the growth medium was replaced with maintenance medium (L15 + 2% FBS 1X Anti-anti, Gibco)",expansion_2026-09-18_representative
VI273,2026,Betanodavirus / NNV (gonad diagnostics),RTG-2 (luc),L-15,10,2,100,10,,https://doi.org/10.1007/s00248-026-02733-2,oa,Greater amberjack gonad homogenate inoculation on RTG-2 reporter cells. RTG growth L-15+10% FBS; after adsorption maintenance medium 2% FBS. pen 100 U/ml; strep 10 mg/ml as stated. | lang=en; thread=aquatic nodavirus; pattern=10->2,RTG-growth medium which consisted on Leibovitz (L-15) medium ... supplemented with 10% foetal bovine serum (FBS),"After 1-h of adsorption, 750 uL of maintenance medium (2% FBS) were added to each well",expansion_2026-09-18_representative
VI274,2021,IBDV (LC-75 Vero adaptation),Vero,DMEM,10,2,,,,https://doi.org/10.2147/VMRR.S326479,oa,Ethiopia NVI Vero cell adaptation of IBDV vaccine strain; DMEM+10% FCS growth; after adsorption DMEM+2% FCS. FCS coded as FBS-equivalent fetal calf serum. Field challenge isolate used in efficacy. | lang=en; thread=veterinary vaccine adaptation; pattern=10->2,DMEM ... supplemented with 10% FCS (Gibco) ... Dulbecco's Modified Eagle's Medium (DMEM) with 10% and 2% sterile fetal calf serum (FCS) was used as a growth and maintenance medium,"After 1 hr incubation, 10mL DMEM with 2% FCS was added into an infected flask",expansion_2026-09-18_representative
VI275,2025,PPRV (in vitro isolation from domestic/wild ruminants),Vero; SEK,DMEM,10,2,,,,https://doi.org/10.3390/v17091231,oa,In vitro virus isolation from blood/tissues/discharges; Vero and SEK cultured DMEM+10% FBS; after washes fresh maintenance DMEM+2% FBS. Blind passages if no CPE. Distinct from prior Gujarat PPRV / CDC measles. | lang=en; thread=PPRV veterinary isolation; pattern=10->2,"Vero and SEK, were also cultured in DMEM with the addition of 10% FBS and the same antibiotic supplementation",fresh maintenance medium (DMEM with 2% FBS and antibiotics) was added,expansion_2026-09-18_representative
VI276,2024,Mammalian orthoreovirus (bat MRV2),Vero; SH-SY5Y; HepG2,DMEM / RPMI,10,0,,,,https://doi.org/10.1128/spectrum.01762-23,oa,Newly isolated bat-origin MRV; cells grown DMEM/RPMI+10% FBS; after absorption maintenance medium is basal+TBP/YE/trypsin WITHOUT FBS (serum-free trypsin MM). Pattern 10->0. | lang=en; thread=bat reovirus isolation; pattern=10->0,cultured in DMEM plus 10% FBS (growth media); ... RPMI 1640 medium plus 10% FBS (growth media),"After 2-h absorption, the fresh maintenance medium was added (DMEM supplemented with 0.3% TBP, 0.02% YE, and 4 ug/ml trypsin) [no FBS]",expansion_2026-09-18_representative
VI277,2024,Duck enteritis virus (DEV field outbreak),CEF,DMEM,10,2,,,,https://doi.org/10.1080/01652176.2024.2350668,oa,DEV/India/IVRI-2016 isolated from Kerala outbreak field samples; CEF grown DMEM+10% FBS; post-infection DMEM MM+2% FBS. | lang=en; thread=avian herpesvirus isolation; pattern=10->2,CEF cell monolayers were grown ... in Dulbecco's modified Eagle's medium (DMEM) ... supplemented with 10% fetal bovine serum (FBS),replaced with DMEM maintenance medium containing 2% FBS,expansion_2026-09-18_representative
VI278,2024,Fowl adenovirus 8a (FAdV-8a),LMH,DMEM,10,1,,,,https://doi.org/10.1016/j.heliyon.2024.e26578,oa,FAdV-8a CY21 isolated from livers of infected chickens; LMH grown DMEM+10% FBS; after adsorption maintenance medium 1% FBS. Non-classic 10->1. | lang=en; thread=avian adenovirus isolation; pattern=10->1,grown in Dulbecco's Modified Eagle Medium (DMEM) ... supplemented with 10% fetal bovine serum (FBS),5 mL of maintenance medium containing 1% fetal bovine serum (FBS) was added,expansion_2026-09-18_representative
VI279,2026,Getah virus (GETV) from diseased piglets,Vero; N2a,DMEM,10,2,,,,https://doi.org/10.1080/21505594.2026.2714605,oa,Natural GETV variant isolated from brain of diseased piglets; cells maintained DMEM+10% FBS; post-inoculation DMEM+2% FBS. Alphavirus clinical/field isolation. | lang=en; thread=arbovirus / alphavirus isolation; pattern=10->2,N2a ... cells were maintained in Dulbecco's Modified Eagle Medium (DMEM) ... supplemented with 10% fetal bovine serum (FBS),Cells were then maintained in 500 uL of DMEM supplemented with 2% FBS,expansion_2026-09-18_representative
VI280,2026,PEDV (intestinal tissue isolation),Vero,DMEM,10,0,,,,https://doi.org/10.1155/tbed/1340053,oa,Two PEDV strains isolated from PEDV-positive intestinal tissues. Vero maintained DMEM+10% FBS; after adsorption washed with serum-free DMEM and maintenance medium containing trypsin (no FBS). Pattern 10->0. | lang=en; thread=PEDV veterinary isolation; pattern=10->0,Vero cells were maintained in Dulbecco's modified Eagle's medium (DMEM) ... supplemented with 10% fetal bovine serum (FBS),"After adsorption ... inoculum was removed, cells were washed twice with serum-free DMEM, and maintenance medium containing 5 ug/mL trypsin was added [no FBS]",expansion_2026-09-18_representative
VI281,2026,Hepatitis E virus (retail pork pate),A549-D3,MEM,5,5,,,,https://doi.org/10.3390/v18070760,oa,EQUAL-HOLD 5->5. A549-D3 cultured in MEM+5% FBS; after inoculation infection medium still 5% FBS (+DMSO). Foodborne HEV infectivity detection/isolation attempt. | lang=en; thread=HEV food isolation; pattern=5->5,Cells were cultured in maintenance medium: Minimal Essential Medium (MEM) ... supplemented with 5% fetal bovine serum (FBS),maintained in infection medium (maintenance medium supplemented with 2% dimethyl sulfoxide (DMSO) and 5% FBS),expansion_2026-09-18_representative
VI282,2016,Ebola virus outbreak variants (Mayinga/Kikwit/Makona),VeroE6,DMEM,10,2,,,,https://doi.org/10.1038/srep38293,oa,Outbreak-variant Ebola stocks cultured for disinfection study. Explicit: growth DMEM+10% FBS; virus maintenance medium same with FBS reduced to 2%. Distinct DOI from prior EBOV Makona row. | lang=en; thread=filovirus culture practice; pattern=10->2,VeroE6 cells ... were propagated in growth media consisting of Dulbecco's modified eagle medium (DMEM) ... which included 10% Fetal Bovine Serum (FBS),"For virus culture, virus maintenance medium was the same as growth medium with FBS reduced to 2%",expansion_2026-09-18_representative
VI283,2024,PRRSV-2 (Marc-145 culture after inoculation),Marc-145,DMEM,10,2,,,,https://doi.org/10.3389/fvets.2024.1439015,oa,Marc-145/Vero cultured DMEM+10% FBS; after 2-h PRRSV inoculation fresh medium +2% FBS. Lab strains but explicit dual practice pattern used in PRRSV culture. | lang=en; thread=PRRSV culture practice; pattern=10->2,Marc-145 cells and Vero cells were cultured in Dulbecco's modified Eagle's medium (DMEM) ... with 10% FBS,"Following a 2-h inoculation with PRRSV, the inoculum was removed ... Subsequently, fresh medium supplemented with 2% FBS was added",expansion_2026-09-18_representative
VI284,2025,Negevirus (mosquito isolation),C6/36; Aag2; BHK-21; Vero E6,RPMI 1640 / DMEM,10,2,,,,https://doi.org/10.1186/s12985-025-02961-x,oa,Novel negevirus strains from mosquito collections. Insect cells RPMI+10% FBS; after inoculation maintenance RPMI/DMEM+2% FBS. | lang=en; thread=insect / negevirus isolation; pattern=10->2,C6/36 and Aag2 cells were maintained ... in Roswell Park Memorial Institute (RPMI) 1640 medium containing 10% fetal bovine serum (FBS),was removed and replaced with maintenance medium (RPMI 1640 for C6/36 and DMEM for mammalian cells) containing 2% FBS,expansion_2026-09-18_representative
VI285,2026,SARS-CoV-2 (feline primary isolation),Vero E6,DMEM,10,5,,,,https://doi.org/10.3390/vetsci13040374,oa,Feline primary SARS-CoV-2 isolation. Explicit: 10% FCS for cell culture (growth) and 5% for maintenance medium; primary isolation monitored on DMEM maintenance. Pattern 10->5. | lang=en; thread=SARS feline isolation; pattern=10->5,Ten percent fetal calf serum (FCS) (Sigma) was added for cell culture,and 5% was added for maintenance medium,expansion_2026-09-18_representative
VI286,2025,Feline parvovirus (FPV) from anal swab,CRFK,DMEM,10,2,,,,https://doi.org/10.3389/fmicb.2025.1658838,oa,FPV013 isolated from anal swab of cat with panleukopenia; CRFK cultured DMEM+10% FBS; post-inoculation maintenance DMEM+2% FBS. | lang=en; thread=feline parvovirus isolation; pattern=10->2,cultured in Dulbecco's Modified Eagle Medium (DMEM) supplemented with 10% fetal bovine serum (FBS),maintenance medium (DMEM + 2% FBS + 1% penicillin-streptomycin) was added to each well,expansion_2026-09-18_representative
VI287,2022,SARS-CoV-2 (clinical swab isolation Alpha),Vero-E6-TMPRSS2,DMEM,10,2.5,,,,https://doi.org/10.1172/jci.insight.155944,oa,Clinical patient swab isolation on Vero-E6-TMPRSS2. Complete media DMEM+10% FBS; infection medium identical with FBS reduced to 2.5%. Non-classic 10->2.5. | lang=en; thread=SARS clinical isolation; pattern=10->2.5,Vero-E6-TMPRSS2 cells ... were cultured in complete media (CM) consisting of DMEM containing 10% FBS,"infection medium (IM), which is identical to CM but with the FBS reduced to 2.5%, and 150 uL of the viral transport media containing a swab from a patient",expansion_2026-09-18_representative
VI288,2020,Cyprinid herpesvirus-2 (CyHV-2),FtGF,L-15,10,2,,,,https://doi.org/10.7717/peerj.9373,oa,CyHV-2 isolation from diseased goldfish tissue homogenate on FtGF line. Cells routinely passaged L-15+10% FBS; after adsorption maintenance L-15+2% FBS. | lang=en; thread=aquatic herpesvirus isolation; pattern=10->2,The cell line has been passaged up to 56 times in L-15 with 10% FBS,"After 1 h adsorption, 6.5 mL of the maintenance medium (L-15 medium with 2% FBS) was added to the FtGF flasks",expansion_2026-09-18_representative
VI289,2026,Japanese encephalitis virus (JEV) culture,Vero,DMEM,10,2,,,,https://doi.org/10.3390/v18080850,oa,JEV genotype strains (historical mosquito/pig isolates) cultured for HA antigen. Cells DMEM+10% FBS; after inoculation maintenance 2% FBS. Practice dual for flavivirus culture. | lang=en; thread=flavivirus / JEV culture; pattern=10->2,were cultured in Dulbecco's modified Eagle's medium supplemented with 10% fetal bovine serum and 1% antibiotics,the inoculum was replaced with a maintenance medium containing 2% fetal bovine serum,expansion_2026-09-18_representative
VI290,2024,Influenza A (tissue homogenate MDCK isolation),MDCK,DMEM,5,0,,,,https://doi.org/10.1080/22221751.2024.2387449,oa,IAV isolation from pig tissue homogenates on MDCK. Cells maintained DMEM+5% FBS; virus maintenance medium is DMEM+albumin/vitamins/antibiotics+TPCK-trypsin (no FBS). Pattern 5->0. | lang=en; thread=influenza serum-free MM; pattern=5->0,MDCK cells were maintained in Dulbecco's Modified Eagle Medium (DMEM) ... supplemented with 5% fetal bovine serum (FBS),"virus maintenance medium (DMEM supplemented with 0.3% bovine albumin serum, 1% MEM vitamin, 1% antibiotic-antimycotic, and 1 ug/mL TPCK-treated trypsin) [no FBS]",expansion_2026-09-18_representative
VI291,2024,Orthohantavirus (genetic variants isolation),Vero E6,MEM,10,2,,,,https://pmc.ncbi.nlm.nih.gov/articles/PMC11376573/,oa,Isolation and characterization of Orthohantavirus genetic variants. Cells grown MEM+10% FBS; after inoculation replaced with maintaining media MEM+2% FBS. | lang=en; thread=hantavirus isolation; pattern=10->2,grown in the minimal essential medium (MEM) ... containing 10% fetal bovine,replaced with 5 mL fresh maintaining media (MEM+2% FBS),expansion_2026-09-18_representative
VI292,2023,SARS-CoV-2 (clinical isolates; Caco-2/HuH-6 systems),Caco-2; HuH-6; RD; Calu-3,DMEM / MEM,10,10,,,0.0005,https://doi.org/10.1016/j.isci.2023.106634,oa,EQUAL-HOLD 10->10. Cell-culture systems paper for isolation of SARS-CoV-2 clinical specimens. Multiple lines maintained ~10% FBS; after 1h specimen incubation DMEM+10% FBS (+gentamicin/amphotericin) added. | lang=en; thread=SARS clinical isolation systems; pattern=10->10,RD cells ... were maintained in DMEM ... containing 10% FBS ... Calu-3 cells ... containing 10% FBS,"Following 1h incubation at 37C ... 1 ml of 1X DMEM supplemented with 10% FBS, 50 ug/ml of Gentamycin, and 0.5 ug/ml of Amphotericin B was added to each well",expansion_2026-09-18_representative
VI293,2024,Rabies virus (Vero-adapted Flury HEP),Vero,DMEM,5,2,,,,https://doi.org/10.1038/s41598-024-63337-9,oa,Vero cell adaptation of rabies Flury HEP. Growth medium DMEM+5% FBS; later passages incubated in maintenance medium DMEM+2% FBS after inoculation. Pattern 5->2. | lang=en; thread=rabies vaccine adaptation; pattern=5->2,for 1 h at 37 C in growth medium (DMEM supplemented with 5% FBS),"inoculated to 80% confluent Vero cells, and incubated in maintenance medium (DMEM supplemented with 2% FBS)",expansion_2026-09-18_representative
