ID,year,virus,cells*,Base Medium,FBS% pre-inoculation,FBS% post-inculcation,penicillin (IU/ml),streptomycin (mg/ml),amphotericin (mg/ml),link,access,notes,quote_pre,quote_post
VI200,1999,enteroviruses (groundwater concentrates),BGM,Eagle's MEM (Earle's salts),10,2,100,0.1,0.00025,https://pmc.ncbi.nlm.nih.gov/articles/PMC91045/,oa,Abbaszadegan et al. Appl Environ Microbiol. Antibiotic-antimycotic 100 U pen / 100 ug strep / 0.25 ug ampho; gentamicin 50 ug/ml post-inoc. Strep column as 0.1 mg/ml; ampho 0.00025 mg/ml.,BGM kidney cells were grown ... using Eagle's minimum essential medium with Earle's salts ... containing 10% fetal bovine serum,maintenance medium consisting of Eagle's minimum essential medium ... supplemented with 2% fetal bovine serum ... and one ml of gentamicin (50 μg/ml)
VI201,2003,TGEV,ST (swine testicular),DMEM,10,2,-,-,-,https://pmc.ncbi.nlm.nih.gov/articles/PMC7117453/,oa,Korean TGEV field strains isolated on ST cells (1997/2000).,ST cells were grown in Dulbecco's modified Eagle medium (DMEM ...) supplemented with 10% fetal bovine serum (FBS),maintained in maintenance medium (MM) which was DMEM supplemented with 2% FBS
VI202,1991,TGEV,ST (swine testicle),Eagle's MEM,10,2,-,-,-,https://pmc.ncbi.nlm.nih.gov/articles/PMC7159502/,oa,Underwood et al. Aust Vet J. GM also gentamicin 50 ug/ml and fungizone 2.5 ug/ml.,Growth medium (GM) was Eagles minimum essential medium (MEM) supplemented with 10% foetal calf serum (FCS) and antimicrobials (50 μg gentamicin and 2.5 μg fungizone/ml).,Maintenance medium (MM) differed in that it was supplemented with 2% FCS.
VI203,2002,HSV (shell vial),Vero; HCE,MEM (Vero); SHEM (HCE),5,1,-,-,-,https://pmc.ncbi.nlm.nih.gov/articles/PMC113264/,oa,Athmanathan et al. BMC Ophthalmol.,Vero cells were grown using MEM supplemented with 5% FBS.,maintenance medium (SHEM Supplemented with 1% FBS for HCE and MEM with 1% FBS for Vero cells)
VI204,2002,HSV; HCMV,HF fibroblasts,MEM,10,1,-,-,-,https://pmc.ncbi.nlm.nih.gov/articles/PMC139995/,oa,Cooper et al. BMC Complement Altern Med.,"HF cells were grown in Minimal Essential Media supplemented with glutamine, antibiotics, and 10% foetal bovine serum (FBS).",Maintenance medium was supplemented with 1% FBS.
VI205,2004,HSV-1 SC16; HSV-2 G,Vero,DMEM,10,1,-,-,-,https://pmc.ncbi.nlm.nih.gov/articles/PMC535897/,oa,Bugli et al. J Transl Med.,grown and maintained in Dulbecco modified Eagle medium supplemented with 10% (growth medium; GM) or 1% (maintenance medium; MM) fetal bovine serum.,10% (growth medium; GM) or 1% (maintenance medium; MM) fetal bovine serum.
VI206,1978,measles (SSPE vs wild-type),Vero,BME,10,2,-,-,-,https://pmc.ncbi.nlm.nih.gov/articles/PMC2185000/,oa,Thormar et al. J Exp Med.,Vero cells ... were grown in Eagle's basal medium (BME) supplemented with 10% inactivated fetal calf serum (FCS),maintained in BME with 2% FCS.
VI207,1978,measles SSPE (brain explant coculture),ferret brain; human brain explants,BME,20,2,-,-,-,https://pmc.ncbi.nlm.nih.gov/articles/PMC2185000/,oa,Same paper as VI206; explant system.,The culture medium was BME with 20% inactivated FCS.,The maintenance medium was BME with 2% FCS.
VI208,1988,human rhinovirus,HEL fibroblasts; McCoy,EMEM; McCoy's,10,2,100,-,-,https://pmc.ncbi.nlm.nih.gov/articles/PMC7110071/,oa,Also gentamicin 20 ug/ml in HEL growth medium.,"Eagle's MEM (EMEM) supplemented with 10% fetal bovine serum, penicillin (100U/mL), and gentamicin (20 μg/mL).",maintenance medium (EMEM with 2% fetal bovine serum)
VI209,1975,IBR/BHV-1,MDBK,Eagle's MEM / Medium 199,10,2,-,-,-,https://pmc.ncbi.nlm.nih.gov/articles/PMC275200/,oa,Darcel. Can J Comp Med. Veterinary herpesvirus.,"MDBK ... grown ... with Eagle minimal essential medium ... 10% fetal bovine serum, and antibiotics.",Minimal essential medium with 2% fetal bovine serum was used as maintenance ... Medium 199 plus 2% fetal bovine serum
VI210,1982,rat coronavirus (sialodacryoadenitis-related),HeLa; LBC; REC,MEM,10,2,-,-,-,https://pmc.ncbi.nlm.nih.gov/articles/PMC7086715/,oa,Hirano et al. Arch Virol.,MEM supplemented with 10 per cent fetal calf serum ... (growth medium).,Eagle's minimum essential medium (MEM) supplemented with 2 per cent of fetal calf serum (maintenance medium)
VI211,1969,human coronavirus 229E / related coronaviruses,BHK-21; human embryo lung L132; HeLa; others,Eagle's medium,10,2,-,-,-,https://pmc.ncbi.nlm.nih.gov/articles/PMC7086760/,oa,Bradburne & Tyrrell. Arch Gesamte Virusforsch. Growth vs maintenance table.,BHK-21 ... 10% foetal calf serum in Eagle's,2% foetal calf serum in Eagle's
VI212,1984,enteroviruses (faecal isolation),HRT-18,RPMI 1640,10,2,100,0.01,-,https://pmc.ncbi.nlm.nih.gov/articles/PMC7166571/,oa,Patel et al. J Med Virol. Strep 10 ug/ml = 0.01 mg/ml.,"grown ... in RPMI 1640 supplemented with 10% FCS, 100 units/ml penicillin, 10 μg/ml streptomycin","maintenance medium, RPMI 1640 containing 2% FCS, 30 mM sodium bicarbonate, and antibiotics (RPMI 2)."
VI213,1984,enteroviruses (microtitre),HRT-18,Leibovitz L-15,15,2,-,-,-,https://pmc.ncbi.nlm.nih.gov/articles/PMC7166571/,oa,Same paper as VI212; plate format.,Leibovitz L-15 medium supplemented with 15% FCS,L-15 medium containing 2% FCS (L-15-2) was added to each well
VI214,1984,human respiratory coronavirus,(Bradburne culture system),Eagle's BME (growth); Leibovitz L15 (maint),10,2,-,-,-,https://pmc.ncbi.nlm.nih.gov/articles/PMC7166702/,oa,Growth newborn calf serum; maintenance FBS + gentamicin 50 ug/ml + DEAE-dextran.,grown in Eagle's basal medium with 10% newborn calf serum,"maintained in Leibovitz L15 medium with glutamine 2 mM, 2% foetal bovine serum, gentamicin 50 μg/ml and DEAE dextran 20 μg/ml."
VI215,2004,ISAV,TO; CHSE-214,HMEM / Hank's MEM,10,5,100,0.1,0.00025,https://pmc.ncbi.nlm.nih.gov/articles/PMC7172414/,oa,Snow et al. J Virol Methods. Aquatic veterinary virus.,supplemented with 10% heat inactivated fetal bovine serum (FBS),"for maintenance medium, the FBS was reduced to 5%."
VI216,2004,SARS-CoV 2003VA2774,Vero E6,Medium 199,10,5,-,-,-,https://pmc.ncbi.nlm.nih.gov/articles/PMC3323075/,oa,Chen et al. Emerg Infect Dis. Post-adsorption 5% FCS.,growth medium consisting of medium 199 ... supplemented with 10% fetal calf serum (FCS),13 mL of medium 199 supplemented with 5% FCS was then added.
VI217,2003,PIV-3; PRCV,Vero76; MDBK; ST,MEM,10,2 (ST); 0 (Vero76/MDBK),100,0.1,-,https://pmc.ncbi.nlm.nih.gov/articles/PMC7125565/,oa,van der Strate et al. Antiviral Res. PRCV on ST.,"grown in Eagle's minimal essential medium (MEM) ... supplemented with 10% foetal calf serum (FCS), 100 U/ml penicillin and 100 μg/ml streptomycin","For cell-maintenance the foetal calf serum concentration was lowered to 2% for ST cells and to 0% for Vero76 cells and MDBK cells, respectively."
VI218,1998,enteroviruses; adenoviruses,t-MK; HEL diploid,Optimem 1 (pre); Eagle MEM (post),2,3,-,0.1,-,https://pmc.ncbi.nlm.nih.gov/articles/PMC105078/,oa,Van Doornum & De Jong. J Clin Microbiol.,Optimem 1 (Gibco) maintenance medium with 2% fetal calf serum (FCS) was removed from the cells.,"maintenance medium Eagle MEM in Hanks and Earle BSS (1:1) ... vancomycin (0.1 mg/ml), streptomycin (0.1 mg/ml), and 3% FCS."
VI219,2000,PEDV,Vero / porcine cultures,Eagle's MEM,10,0,-,-,-,https://pmc.ncbi.nlm.nih.gov/articles/PMC7117361/,oa,Serum-free trypsinized maintenance for PEDV.,"Growth medium (GM) was Eagle's minimum essential medium (MEM) containing 0.3% tryptose phosphate broth, 10% inactivated fetal calf serum (FCS) and antibiotics","Maintenance medium (MM) consisted of Eagle's MEM with 0.3% tryptose phosphate broth, 0.02% yeast extract, and 10 μg/ml trypsin (no serum)."
VI220,1989,JEV; YFV (glycoprotein study),Vero; C6/36,MEM; MM/VP12,5 (Vero); 10 (C6/36),1 (Vero); 2 (C6/36),-,-,-,https://pmc.ncbi.nlm.nih.gov/articles/PMC7125691/,oa,Mason. Virology. Arbovirus/flavivirus.,Vero ... grown ... in Eagle's minimal essential medium (MEM) supplemented with 5% heated fetal bovine serum (FBS),"containing less FBS: 1%, Vero cells; 2%, C6/36 cells). Following 1 hr of virus absorption"
VI221,1965,myxovirus (infectious hepatitis study),continuous cultures (paper),Eagle's MEM,10,2,-,-,-,https://pmc.ncbi.nlm.nih.gov/articles/PMC2138105/,oa,Hsiung et al. J Exp Med. Agammaglobulinemic calf serum.,grown in Eagles minimal essential medium (MEM) ... containing antibiotics and 10 per cent agammaglobulinemic calf serum (MEM-10 CS),maintained in MEM containing 2 per cent agammaglobulinemic calf serum (MEM-2CS).
VI222,1970,Chikungunya virus,L929; guinea pig lung,medium 199 / Eagle basal,10,5,-,-,-,https://pmc.ncbi.nlm.nih.gov/articles/PMC376692/,oa,Higashi et al. Appl Microbiol. Classic arbovirus.,"10% tryptose phosphate broth, and 10% fetal calf serum (FCS).",Maintenance medium consisted of ... medium 199 ... plus 5% FCS.
VI223,1983,rabies (street strain),primary skunk brain/kidney; raccoon kidney; lines,G-MEM,10,2,-,-,-,https://pmc.ncbi.nlm.nih.gov/articles/PMC264649/,oa,Umoh & Blenden. J Clin Microbiol. Distinct from existing VI46.,G-MEM supplemented with 10% fetal bovine serum,G-MEM supplemented with 2% fetal bovine serum
VI224,1989,FIPV (DF2),NLFK,BME,5,2,-,-,-,https://pmc.ncbi.nlm.nih.gov/articles/PMC7086852/,oa,Veterinary coronavirus; post from post-inoculum medium with dialyzed FBS.,propagated in Basal Medium Eagle (BME) supplemented with 5% fetal bovine serum (FBS),"After removal of the inoculum, 2 ml of BME containing 2% dialyzed FBS"
VI225,1968,parainfluenza 1-3; SV5,VERO; HEp-2; MK; V-H mixed,Eagle's MEM,15,2,500,-,-,https://www.jstage.jst.go.jp/article/mandi1957/12/3/12_3_275/_pdf,oa,Numazaki et al. Jpn J Microbiol.,VERO cells were grown ... with ... 15 per cent bovine serum. HEp-2 cells were grown in Eagle's minimum essential medium (MEM) with 15 per cent bovine serum.,Three cell cultures were maintained in MEM with 2 per cent bovine serum for the virus isolation.
VI226,1972,measles SSPE (brain biopsy),Vero coculture,BME,4,2,-,0.1,-,https://archrazi.areeo.ac.ir/article_108816_72ba44a25505a5edcb8bb10bc733b746.pdf,oa,Mirchamsy et al. Arch Razi. Strep 100 ug/ml; neomycin 50 ug/ml.,"growth medium was BME supplemented with 4% fetal calf serum, 100 μg/ml streptomycin and 50 μg/ml neomycin.",maintenance medium (similar to growth medium but containing 2% fetal calf serum).
VI227,2004,IBDV,Vero; CER,MEM,(ref. Cardoso 2000),2,-,-,-,https://www.redalyc.org/pdf/1797/179713982009.pdf,oa,Silva et al. Braz J Poult Sci. Growth per Cardoso 2000; explicit 2% calf serum post-inoculation.,The growth medium for CER and Vero cells was used as described by Cardoso et al. (2000) and Ferreira et al. (2003).,"maintenance medium consisting of minimum essential medium (MEM), antibiotics and 2% of calf serum was added"
VI228,1997,PRRSV (EDRD-1),MARC-145,Eagle's MEM,8,2,-,-,-,https://www.jstage.jst.go.jp/article/jvms/59/1/59_1_31/_pdf,oa,Takikawa et al. J Vet Med Sci. Gentamycin 50 ug/ml in maintenance.,The cells were grown in Eagle's minimum essential medium (MEM) containing 8% fetal calf serum.,The maintenance medium was MEM containing 2% fetal calf serum and 50 μg/ml of gentamycin.
VI229,1997,PRRSV (EDRD-1),MARC-145,Eagle's MEM,5,2,100,0.1,-,https://www.jstage.jst.go.jp/article/jvms/59/4/59_4_281/_pdf,oa,Jusa et al. J Vet Med Sci. Growth also fungizone 2 ug/ml. MM line ends 2% at page break; fetal serum noun truncated in PDF extract.,"MARC-145 cells were grown ... in Eagle's minimum essential medium (MEM) containing 5% inactivated bovine fetal serum, 10% tryptose phosphate broth (TPB), ... 100 units/ml penicillin, 100 μg/ml streptomycin and 2 μg/ml fungizone.","The maintenance medium (MM) was MEM containing 10% TPB, 0.162% NaHCO3, 0.5% lactalbumin hydrolysate, 2% [fetal serum; continues after page break]"
VI230,1982,influenza A/B (clinical NPA isolation),respiratory isolation cell panel,(see paper),5-10,1-2,-,-,-,https://pmc.ncbi.nlm.nih.gov/articles/PMC2536362/,oa,Rapid diagnostic influenza isolation comparison. OCR 5-10%/1-2%; LLC-MK2 often serum-free post.,5-10% fetal calf serum (FCS) and were maintained in,similar medium with 1-2% FCS. Prior to inoculation ... remove the serum.
VI231,1973,California encephalitis virus,Vero CCL-81,Eagle's MEM,7.5,2,-,-,-,https://pmc.ncbi.nlm.nih.gov/articles/PMC7111277/,oa,Lyons & Heyduk. Virology. Newborn calf serum. Arbovirus.,Growth medium ... 7.5% newborn calf serum.,MEM (Earle's salts) plus 2% serum was employed as maintenance medium.
VI232,2005,WNV (3356); flavivirus assays,Vero CCL-81,MEM,(BHK companion 10% DMEM),2,100,0.1,-,https://pmc.ncbi.nlm.nih.gov/articles/PMC1069577/,oa,Deas et al. J Virol. Vero cultured at 2% FBS; BHK lines DMEM+10%. Year 2005 borderline.,A reporting BHK cell line ... was maintained in DMEM with 10% FBS,"Vero cells ... were cultured in minimal essential medium supplemented with 2% FBS, 2 mM L-glutamine, 0.3% sodium bicarbonate, 100 U of penicillin/ml, and 100 μg of streptomycin/ml."
VI233,1998,human rhinovirus (clinical),HeLa Ohio-Salisbury; foreskin fibroblasts,BME; DMEM-HEPES,(not separately stated),2,-,-,-,https://pmc.ncbi.nlm.nih.gov/articles/PMC104983/,oa,Isolation tubes held in 2% FCS maintenance; seeding growth % not separately stated.,[seeding growth FBS% not separately quantified in isolation paragraph],HeLa cells were maintained in BME ... containing 2% inactivated fetal calf serum ... fibroblasts ... with 2% inactivated fetal calf serum.
