ID,year,virus,cells*,Base Medium,FBS% pre-inoculation,FBS% post-inculcation,penicillin (IU/ml),streptomycin (mg/ml),amphotericin (mg/ml),link,access,notes,quote_pre,quote_post,source_batch,dual_ok,upserted,thread,lang
VI247,2021,SARS-CoV-2,Vero E6,DMEM,10,2.5,100,0.1,,https://doi.org/10.1177/20402066211061063,abstract,Clinical SARS-CoV-2 isolation + antiviral testing protocol. Growth 10% FBS DMEM; infection/maintenance 2.5% FBS DMEM. Dual non-classic 10->2.5. | lang=en; thread=SARS clinical protocols,Vero E6 cells are thawed in a culture flask 75 cm2 in 10% FBS DMEM,cells are infected ... with 2.5% FBS DMEM ... infection mix is then removed and 2 mL of 2.5% FBS DMEM is added,expansion_2026-09-18_power,True,True,SARS clinical protocols,en
VI248,2024,SARS-CoV-2,VeroE6/TMPRSS2; Vero E6-TMPRSS2-T2A-ACE2,DMEM,10,2,100,,,https://doi.org/10.1038/s41598-024-75038-4,oa,NIID Japan clinical specimen isolation. Cells grown 10% FBS; isolation medium DMEM + 2% FBS + Antibiotic-Antimycotic. | lang=en; thread=NIID / Matsuyama lineage,Vero E6 cells ... maintained ... in DMEM ... containing 10% heat-inactivated fetal bovine serum (FBS,"50 uL of respiratory sample was mixed with isolation medium [DMEM supplemented with 2% FBS, 1% Antibiotic-Antimycotic]",expansion_2026-09-18_power,True,True,NIID / Matsuyama lineage,en
VI249,2013,Influenza A (exhibition swine),MDCK (SFM-adapted),SFM / MEM,10,0,1200,1.2,0.003,https://doi.org/10.1177/1040638712470449,abstract,Comparative isolation techniques for contemporary IAV in exhibition swine. Cells grown MEM+10% FBS then transitioned to SFM; viral growth medium is serum-free + trypsin 0.5 ug/ml. | lang=en; thread=influenza serum-free,MDCK cells ... grown in minimum essential medium ... supplemented with ... 10% fetal bovine serum (FBS),Viral growth medium was prepared by supplementing SFM with antimicrobials ... and TPCK-treated trypsin (0.5 ug/ml) [serum-free],expansion_2026-09-18_power,True,True,influenza serum-free,en
VI250,2020,Influenza (clinical; vaccine seed isolation),MDCK-A; LLC-MK2D; MDCK-S,MEM / OptiPRO,10,0,,,,https://pmc.ncbi.nlm.nih.gov/articles/PMC7040968/,oa,Selective isolation of influenza for vaccine seeds. Adherent MDCK/LLC-MK2 grown MEM+10% FBS; isolation medium OptiPRO serum-free + TrypZean/trypsin. | lang=en; thread=influenza serum-free,MDCK-A and LLC-MK2D cells were subcultured in MEM supplemented with 10% fetal bovine serum (FBS),OptiPRO serum-free medium containing ... TrypZean ... was used to prepare the virus isolation medium,expansion_2026-09-18_power,True,True,influenza serum-free,en
VI251,2004,RSV (nasopharyngeal aspirates),HEp-2,MEM-E,10,2,1000,1,,https://www.scielo.br/j/mioc/a/zJh549P7hQB4R98sdj7PqcR/?lang=en,oa,Fiocruz/Brazil clinical RSV isolation from stored NPA. PT/ES regional OA. Growth 10% FBS; post-adsorption MEM-E + 2% FBS. | lang=pt/en; thread=Latin America / Fiocruz,HEp-2 cells were maintained in the medium described above supplemented with 10% fetal bovine serum (FBS),Specimens were allowed to adsorb for 30 min at 35C before adding 1.5 ml of fresh MEM-E plus 2% FBS,expansion_2026-09-18_power,True,True,Latin America / Fiocruz,pt/en
VI252,1991,human paramyxoviruses (PIV/mumps) primary isolation,NCI-H292,EMEM / Medium 199,10,2,,,,https://europepmc.org/articles/PMC7086893,oa,Hierholzer et al. Arch Virol. NCI-H292 as alternative for human paramyxovirus isolation. Growth EMEM/10% FBS; first-trial maintenance Medium 199 + 2% FBS. Later trials used trypsin/serum-free variants. | lang=en; thread=Hierholzer / CDC paramyxovirus,All cells were prepared weekly as tube cultures under EMEM/10% FBS or EMEM/7% FBS/1% ITS growth media,The first trial utilized a maintenance medium consisting of Medium 199 with 2% FBS,expansion_2026-09-18_power,True,True,Hierholzer / CDC paramyxovirus,en
VI253,2007,hMPV (clinical isolation),Vero E6,MEM,10,0,100,0.0001,,https://doi.org/10.1128/jcm.01251-06,oa,Abiko/Mizuta Yamagata hMPV outbreak isolation. Growth MEM+10% FBS; maintenance MEM + crystallized trypsin 2 ug/ml (no FBS) + vitamins/glucose. Author thread Mizuta. | lang=en; thread=Mizuta Yamagata,The growth medium for the Vero E6 cell line consisted of Eagle's minimum essential medium (MEM) with 10% fetal bovine serum (FBS),"The maintenance medium for the Vero E6 cell line consisted of MEM with crystallized trypsin ... (2 ug/ml), 5% MEM vitamin solution ... 0.2% glucose [no FBS]",expansion_2026-09-18_power,True,True,Mizuta Yamagata,en
VI254,2019,respiratory viruses (HEF microplate),HEF,MEM,15,2,100,0.1,,https://doi.org/10.7883/yoken.JJID.2018.500,oa,Mizuta et al. JJID 2019 Yamagata PIPH microplate routine isolation SOP Table 1. Protocol change vs 2008 (was 10% growth). Cell=HEF GM 15% -> MM 2% FBS. | lang=en/ja; thread=Mizuta Yamagata,HEF MEM +15% FBS,MEM+2% FBS,expansion_2026-09-18_power,True,True,Mizuta Yamagata,en/ja
VI255,2019,respiratory viruses (HEp-2 microplate),HEp-2,MEM,2,2,100,0.1,,https://doi.org/10.7883/yoken.JJID.2018.500,oa,Mizuta et al. JJID 2019 Yamagata PIPH microplate routine isolation SOP Table 1. EQUAL-HOLD 2->2. Cell=HEp-2 GM 2% -> MM 2% FBS. | lang=en/ja; thread=Mizuta Yamagata,HEp-2 MEM+2% FBS+1.7% glucose,MEM+2% FBS+1.7% glucose,expansion_2026-09-18_power,True,True,Mizuta Yamagata,en/ja
VI256,2019,influenza / respiratory (MDCK microplate),MDCK,MEM,8,0,100,0.1,,https://doi.org/10.7883/yoken.JJID.2018.500,oa,Mizuta et al. JJID 2019 Yamagata PIPH microplate routine isolation SOP Table 1. Serum-free trypsin MM. Cell=MDCK GM 8% -> MM 0% FBS. | lang=en/ja; thread=Mizuta Yamagata,MDCK MEM+8% FBS,MEM+crystalized trypsin (2 ug/mL) [no FBS],expansion_2026-09-18_power,True,True,Mizuta Yamagata,en/ja
VI257,2019,enteroviruses (GMK microplate),GMK,MEM,10,2,100,0.1,,https://doi.org/10.7883/yoken.JJID.2018.500,oa,Mizuta et al. JJID 2019 Yamagata PIPH microplate routine isolation SOP Table 1.  Cell=GMK GM 10% -> MM 2% FBS. | lang=en/ja; thread=Mizuta Yamagata,GMK MEM+10% FBS,MEM+2% FBS,expansion_2026-09-18_power,True,True,Mizuta Yamagata,en/ja
VI258,2019,parechovirus / PeV isolation (no trypsin MM),LLC-MK2-N,MEM,10,2,100,0.1,,https://doi.org/10.7883/yoken.JJID.2018.500,oa,Mizuta et al. JJID 2019 Yamagata PIPH microplate routine isolation SOP Table 1. Without trypsin for PeV isolation. Cell=LLC-MK2-N GM 10% -> MM 2% FBS. | lang=en/ja; thread=Mizuta Yamagata,LLC-MK2-N MEM+10% FBS,MEM+2% FBS,expansion_2026-09-18_power,True,True,Mizuta Yamagata,en/ja
VI259,2019,parainfluenza isolation (trypsin MM),LLC-MK2-N,MEM,10,0,100,0.1,,https://doi.org/10.7883/yoken.JJID.2018.500,oa,Mizuta et al. JJID 2019 Yamagata PIPH microplate routine isolation SOP Table 1. With trypsin for PIV. Cell=LLC-MK2-N GM 10% -> MM 0% FBS. | lang=en/ja; thread=Mizuta Yamagata,LLC-MK2-N MEM+10% FBS,MEM+crystalized trypsin (10 ug/mL) [no FBS],expansion_2026-09-18_power,True,True,Mizuta Yamagata,en/ja
VI260,2019,EV-D68 / CV-A6 isolation,RD-A,MEM,10,5,100,0.1,,https://doi.org/10.7883/yoken.JJID.2018.500,oa,Mizuta et al. JJID 2019 Yamagata PIPH microplate routine isolation SOP Table 1. Non-classic 10->5. Cell=RD-A GM 10% -> MM 5% FBS. | lang=en/ja; thread=Mizuta Yamagata,RD-A MEM+10% FBS,MEM+5% FBS,expansion_2026-09-18_power,True,True,Mizuta Yamagata,en/ja
VI261,2019,Saffold virus isolation,RD-18S-N,MEM,10,2,100,0.1,,https://doi.org/10.7883/yoken.JJID.2018.500,oa,Mizuta et al. JJID 2019 Yamagata PIPH microplate routine isolation SOP Table 1.  Cell=RD-18S-N GM 10% -> MM 2% FBS. | lang=en/ja; thread=Mizuta Yamagata,RD-18S-N MEM+10% FBS,MEM+2% FBS,expansion_2026-09-18_power,True,True,Mizuta Yamagata,en/ja
VI262,2008,respiratory viruses (HEF microplate 2004-2005),HEF,MEM,10,2,50,0.4,,https://doi.org/10.7883/yoken.JJID.2008.196,oa,Mizuta et al. JJID 2008 Table 1 HHVe6MRG plate. HEF growth MEM+10% FBS; MM MEM+2% FBS. Distinct from 2019 HEF 15% protocol. | lang=en/ja; thread=Mizuta Yamagata,HEF ... Growth medium MEM+10% FBS,Maintenance medium MEM+2% FBS,expansion_2026-09-18_power,True,True,Mizuta Yamagata,en/ja
VI263,2008,respiratory viruses (RD-18S microplate),RD-18S,MEM,8,2,50,0.4,,https://doi.org/10.7883/yoken.JJID.2008.196,oa,Mizuta et al. JJID 2008 Table 1. RD-18S growth MEM+8% FBS; MM MEM+2% FBS. | lang=en/ja; thread=Mizuta Yamagata,RD-18S ... Growth medium MEM+8% FBS,Maintenance medium MEM+2% FBS,expansion_2026-09-18_power,True,True,Mizuta Yamagata,en/ja
VI264,2015,SFTSV (tick homogenate isolation),Vero E6,EMEM,10,2,,,,https://pmc.ncbi.nlm.nih.gov/articles/PMC4593780/,oa,Nagasaki University SFTSV epidemiological survey; tick homogenates inoculated in 2% FBS EMEM; cells maintained 10% FBS. | lang=en/ja; thread=Japan NIID/university arbovirus,Vero E6 cells were maintained in Eagle's Minimal Essential Medium (EMEM) containing 10% fetal bovine serum (FBS),homogenized ... with ... 2% FBS EMEM ... inoculated into cultured Vero E6 cells,expansion_2026-09-18_power,True,True,Japan NIID/university arbovirus,en/ja
VI265,2022,PPRV (clinical tissues/swabs),Vero,DMEM,10,2,,,,https://www.thepharmajournal.com/archives/2022/vol11issue12/PartAE/11-12-166-726.pdf,oa,"PPRV isolation Saurashtra Gujarat. Vero growth DMEM+10% FBS; maintained/inoculated with DMEM+2% FBS. Distinct from CIRAD/NEADL SOP (same classic pattern, independent Indian practice). | lang=en; thread=PPRV veterinary isolation",Vero cells ... were propagated in growth medium (GM) containing Dulbecco's minimum essential medium (DMEM) supplemented with 10% fetal bovine serum (FBS),The cells were maintained in DMEM supplemented with 2% FBS. ... DMEM (2.5ml) supplemented with 2% FBS was added to each flask,expansion_2026-09-18_power,True,True,PPRV veterinary isolation,en
VI266,2023,HRSV (clinical PCR-positive),HeLa; HEp-2; Vero,DMEM,10,2,,,,https://doi.org/10.3855/jidc.17462,abstract,Prokopyeva et al. J Infect Dev Ctries. Russian HRSV isolation 2017-2018. Cells DMEM+10% FBS; maintenance DMEM+2% FBS after adsorption. VECTOR collection cells. | lang=en/ru; thread=Russian clinical RSV,"HeLa, HEp-2, Vero ... were maintained in Dulbecco's modified Eagle's medium ... 10% fetal bovine serum (FBS)",a maintenance medium consisting of DMEM ... with 2% of FBS ... was added into the wells,expansion_2026-09-18_power,True,True,Russian clinical RSV,en/ru
VI267,2016,HPIV-1 and HPIV-3 (clinical),MNT-1,DMEM,10,0,,,,https://doi.org/10.1111/1348-0421.12446,abstract,Efficient isolation of HPIV1/3 using MNT-1 melanoma line. Growth DMEM+10% FBS; before inoculation medium changed to DMEM without FBS + crystallized trypsin. | lang=en/ja; thread=Japan paramyxovirus,We cultured MNT-1 cells in Dulbecco's modified eagle medium ... supplemented ... with 10% FBS,"Before specimen inoculation, we changed the medium to ... without FBS and either supplemented with crystalized trypsin",expansion_2026-09-18_power,True,True,Japan paramyxovirus,en/ja
VI268,2019,FMDV (clinical outbreak isolation),LFPK-alphav-beta6,DMEM,10,10,,,,https://doi.org/10.1128/mSphere.00294-19,oa,EQUAL-HOLD 10->10. Japanese FMDV outbreak isolates per OIE manual on LFPK-avb6; after adsorption cells received DMEM+10% FBS (same as growth). Valuable non-decrease pattern. | lang=en/ja; thread=FMDV national labs,The LFPK-alphav-beta6 cells were prepared using DMEM supplemented with 10% fetal bovine serum (FBS),The cells were washed again and added to the DMEM supplemented with 10% FBS,expansion_2026-09-18_power,True,True,FMDV national labs,en/ja
VI269,2020,FMDV (experimental/clinical sample isolation),BHK-21 (FLI CCLV-RIE 164),MEM,1,1,,,,https://doi.org/10.3390/pathogens9020129,oa,EQUAL-HOLD 1->1. FLI (Friedrich-Loeffler-Institut) BHK-21 isolation: monolayers washed with MEM+1% FBS; after adsorption MEM+antibiotics+1% FBS added. Low-serum equal hold. | lang=en/de; thread=FLI / FMDV national labs,"Immediately before inoculation, the monolayers were washed with MEM with antibiotics and 1% fetal bovine serum (FBS)","After one hour at 37C, 5 mL of MEM with antibiotics and 1% FBS were added to the flasks",expansion_2026-09-18_power,True,True,FLI / FMDV national labs,en/de
VI270,1995,Lymphocystivirus (Iridoviridae),BF2,EMEM,10,2,,,,https://archimer.ifremer.fr/doc/00406/51774/52372.pdf,oa,French IFREMER DEA methods. BF2 growth EMEM+10% SVF (sérum de veau foetal=FBS); post-infection EMEM+2% SVF. Non-English source with explicit %. | lang=fr; thread=French / IFREMER aquatic,Les cellules BF2 sont cultivees ... dans le milieu de Eagle ... additionne de 10 % de serum de veau foetal (SVF),5 ml de milieu supplemente avec 2 % SVF sont additionnes [EN: 5 ml medium supplemented with 2% FBS],expansion_2026-09-18_power,True,True,French / IFREMER aquatic,fr
VI271,n.d.,measles (clinical isolation),Vero/hSLAM,DMEM,10,2,,,,https://www.cdc.gov/measles/lab-tools/vero-slam.html,oa,CDC measles lab tool: Vero/hSLAM. Seed/grow DMEM+10% FBS; inoculations/adsorption/subsequent incubations DMEM+2% FBS. Public health guideline practice. | lang=en; thread=CDC / WHO measles isolation,Seed cells into flasks containing DMEM plus 10% FBS,"For inoculations, virus adsorption and subsequent incubations should be in DMEM plus 2% FBS",expansion_2026-09-18_power,True,True,CDC / WHO measles isolation,en
PWR001,2021,SARS-CoV-2 (review culture media),Vero CCL-81 / Vero E6,MEM,,2,100,0.1,,https://pmc.ncbi.nlm.nih.gov/articles/PMC7543926/,oa,Review: viral culture media MEM+2% FBS stated; pre growth % not separately quantified in quoted passage. Single-stage post only. | lang=en; thread=SARS reviews,,viral culture media (Minimum Essential Media with 2% fetal bovine serum ...),expansion_2026-09-18_power,False,False,SARS reviews,en
PWR002,2021,SARS-CoV-2 (VeroE6/TMPRSS2 clinical),VeroE6/TMPRSS2,DMEM,10,5,,,,https://pmc.ncbi.nlm.nih.gov/articles/PMC7907832/,oa,SOFT: cells maintained 10% FBS; specimens mixed with DMEM+5% FBS for inoculation; at 1 dpi supernatant replaced with 'fresh culture medium' (FBS% of replacement not restated). Post coded 5 only if inoculum medium treated as post; borderline. | lang=en; thread=NIID / Matsuyama lineage,VeroE6/TMPRSS2 cells were maintained in culture medium DMEM supplemented with 10% fetal bovine serum (FBS),inoculate with 100-200 uL of respiratory samples mixed with DMEM supplemented with 5% FBS,expansion_2026-09-18_power,True,False,NIID / Matsuyama lineage,en
PWR003,2024,HAdV clinical isolation (Curr Protoc),A549,EMEM,10,2,,,,https://pmc.ncbi.nlm.nih.gov/articles/PMC10659126/,oa,"Curr Protoc: A549 growth EMEM+10% HI newborn calf serum; infection medium EMEM+2% HI NBCS. Serum type=NBCS not FBS — candidates only, not dual-FBS upsert. | lang=en; thread=adenovirus clinical",A549 Growth medium: EMEM containing 10% Heat inactivated (HI) newborn calf serum,A549 Infection medium: EMEM containing 2% HI-newborn calf serum,expansion_2026-09-18_power,False,False,adenovirus clinical,en
PWR004,2022,BPIV3 (yak clinical),MDBK,DMEM,,2,,,,https://www.mdpi.com/2076-0817/11/9/962,oa,First isolation BPIV3 from yaks. Filtered supernatants inoculated into MDBK maintained in 2% FBS; growth % not explicitly stated in isolation paragraph. Single-stage. | lang=en/zh; thread=China veterinary paramyxovirus,,inoculated into MDBK cells maintained in 2% fetal bovine serum (FBS),expansion_2026-09-18_power,False,False,China veterinary paramyxovirus,en/zh
