path,culture,day,frames,scope,used_in_per_frame_analysis,CRO_Dy,CRO_Ro,CRO_V,CRO_D,CRO_G,CRO_Re,CRO_H_Look_Healthy,CRO_H_Mitotic,CRO_H_Bright,CRO_H_Adherent,CRO_H_Elongated,CRO_H_Polygonal,CRO_H_Cytoplasmic_extensions,CRO_H_well_defined_nuclei,hedged_terms,description
1,CultureA,1,101-110,group/range description (lower specificity),0,0,1,0,0,0,0,1,1,0,1,1,1,1,1,,"Images of Vero cells taken on day 13. The cells are in small clusters, with radiating patterns. Multiple individual cells and rounded cells dividing cells. The cells exhibit a classic polygonal or elongated, fibroblast-like shape, with visible cytoplasmic extensions and well-defined nuclei. The cells look healthy, with intact membranes, good attachment to the substrate, and no obvious signs of detachment or cytoplasmic granulation. The scale bar is indicative of the objective used. No clear evidence of contamination. Phase microscopy."
2,CultureB,1,101-110,group/range description (lower specificity),0,0,1,0,0,0,0,1,1,0,1,1,0,0,0,H_Mitotic,"Images of Vero cells taken on day 13. The cells display a variety of morphologies, but most appear elongated or spindle-shaped with some degree of spreading, characteristic of fibroblast-like or mesenchymal cells. A few cells appear rounded, which might indicate mitotic activity, poor adhesion, or early signs of stress. The overall confluency is low—likely around 20–30%, meaning the culture is still in early growth phase and has significant space to expand. The cells are distributed evenly across the field, with occasional small clusters. The cells look healthy, with intact membranes, good attachment to the substrate, and no obvious signs of detachment or cytoplasmic granulation. The scale bar is indicative of the objective used. No clear evidence of contamination. Phase microscopy."
1,CultureA,2,201-210,group/range description (lower specificity),0,0,1,0,0,0,0,1,1,0,1,1,1,1,1,,"Images of Vero cells taken on day 14. The cells are in small clusters, with radiating patterns. Multiple individual cells and rounded cells dividing cells. The cells exhibit a classic polygonal or elongated, fibroblast-like shape, with visible cytoplasmic extensions and well-defined nuclei. The cells look healthy, with intact membranes, good attachment to the substrate, and no obvious signs of detachment or cytoplasmic granulation. The scale bar is indicative of the objective used. No clear evidence of contamination. Phase microscopy."
2,CultureB,2,201-210,group/range description (lower specificity),0,0,1,0,0,0,0,1,1,0,1,1,0,0,0,H_Mitotic,"Images of Vero cells taken on day 14. The cells display a variety of morphologies, but most appear elongated or spindle-shaped with some degree of spreading, characteristic of fibroblast-like or mesenchymal cells. A few cells appear rounded, which might indicate mitotic activity, poor adhesion, or early signs of stress. The overall confluency is low. The cells are distributed evenly across the field, with occasional small clusters. The cells look healthy, with intact membranes, good attachment to the substrate, and no obvious signs of detachment or cytoplasmic granulation. The scale bar is indicative of the objective used. No clear evidence of contamination. Phase microscopy."
1,CultureA,3,301-310,group/range description (lower specificity),0,0,0,0,0,0,0,1,0,0,1,1,1,1,1,,"Images of Vero cells taken on day 15. The cells are in clusters, with radiating patterns. The cells exhibit a classic polygonal or elongated, fibroblast-like shape, with visible cytoplasmic extensions and well-defined nuclei. The cells look healthy, with intact membranes, good attachment to the substrate, and no obvious signs of detachment or cytoplasmic granulation. The scale bar is indicative of the objective used. No clear evidence of contamination. Phase microscopy."
2,CultureB,3,"301-310, 301a-310a",group/range description (lower specificity),0,0,1,1,0,1,0,1,0,0,1,0,0,1,0,,"Images of Vero cells taken on day 15. The cells display a variety of morphologies. Few cells are rounded, some with extensions denoting that they are still attached. The overall confluency is low with multiple small clusters and numerous single cells. The cells look healthy, with intact membranes, good attachment to the substrate, and no obvious signs of detachment. Cytoplasm appears dense/granular. There are some bright reflective points: some look like large vacuoles whereas some are cellular debris. The scale bar is indicative of the objective used. No clear evidence of contamination. Phase microscopy."
1,CultureA,4,401-410,group/range description (lower specificity),0,0,0,0,0,0,0,1,0,0,1,1,1,1,1,,"Images of Vero cells taken on day 16. The cells are in large coalescent clusters, with radiating patterns. The cells exhibit a classic polygonal or elongated, fibroblast-like shape, with visible cytoplasmic extensions and well-defined nuclei. The cells look healthy, with intact membranes, good attachment to the substrate, and no obvious signs of detachment or cytoplasmic granulation. The scale bar is indicative of the objective used. No clear evidence of contamination. Phase microscopy."
2,CultureB,4,401-410,group/range description (lower specificity),0,0,1,1,0,1,0,1,0,0,1,0,0,1,0,,"Images of Vero cells taken on day 16. The cells display a variety of morphologies. Few cells are rounded, some with extensions denoting that they are still attached. The overall confluency is low with multiple small clusters and numerous single cells. The cells look healthy, with intact membranes, good attachment to the substrate, and no obvious signs of detachment. Cytoplasm appears dense/granular. There are some bright reflective points: some look like large vacuoles whereas some are cellular debris. The scale bar is indicative of the objective used. No clear evidence of contamination. Phase microscopy."
1,CultureA,5,501-510,group/range description (lower specificity),0,0,0,0,0,0,0,1,1,1,1,1,1,1,1,,"Images of Vero cells taken on day 17. Large coalescent clusters or cells with radiating patterns and few bright dividing cells. The cells exhibit a classic polygonal or elongated, fibroblast-like shape, with visible cytoplasmic extensions and well-defined nuclei. The cells look healthy, with intact membranes, good attachment to the substrate, and no obvious signs of detachment or cytoplasmic granulation. The scale bar is indicative of the objective used. No clear evidence of contamination. Phase microscopy."
2,CultureB,5,501-510,group/range description (lower specificity),0,0,1,1,0,1,0,1,0,0,1,0,0,1,0,,"Images of Vero cells taken on day 17. The cells display a variety of morphologies. Few cells are rounded, some with extensions denoting that they are still attached. The overall confluency is low with multiple small clusters and numerous single cells. The cells look healthy, with intact membranes, good attachment to the substrate, and no obvious signs of detachment. Cytoplasm appears dense/granular. There are some bright reflective points: some look like large vacuoles whereas some are cellular debris. The scale bar is indicative of the objective used. No clear evidence of contamination. Phase microscopy."
