node_id,feeds_event_id,year,first_author,title,pmid,doi,role,prep_summary,cpe_stated,access,pdf_local,notes
FLU-P1,FLU-O1,1980,Winter,Cloning of influenza cDNA into M13: the sequence of the RNA segment encoding the A/PR/8/34 matrix protein…,6927841,10.1093/nar/8.9.1965,egg_grown_PR8_virion_RNA,"A/PR/8/34 'was grown in fertile hen eggs and purified. The RNA was extracted [10], polyadenylated [23] and ss cDNA prepared…'. Segment-era sequencing from egg-grown virion RNA.",n/a (eggs). path candidate other if chain closed.,PMC324050 EuropePMC PDF,refs/sequence_origins/FLU-P_winter_fields_1980_nar.pdf,First provenance hop for FLU-O1 multi-paper set. Cite [10] RNA extraction still open. Eggs path expected.
HAV-P1,HAV-O1,1983,Ticehurst,Molecular cloning and characterization of hepatitis A virus cDNA (Najarian cite 3 for RNA extraction / map comparison),,,RNA_prep_and_prior_clone_pointer,Najarian: viral RNA extracted from virions by published procedures (3) incl. protease + phenol/chloroform. Isolate from LA patient stools per published procedures (12). Papers (3)(12) not opened this pass.,unknown,not opened,,Open pointer under Najarian HAV-O1. Cohen wt uses marmoset-liver virion RNA — separate path.
MEA-P1,MEA-C1,2001,Parks,Comparison of predicted amino acid sequences of measles virus strains in the Edmonston vaccine lineage.,11134304,10.1128/jvi.75.2.910-920.2001,propagation_and_RNA_prep,Vero cells in DMEM+5% FBS. MV stocks by infection of Vero monolayers at ~0.1 PFU/cell. Infected cells harvested by scraping when cytopathic effect detectable in 70-80% of monolayer; freeze-thaw in OPTIMEM. Edmonston wt gift from Judy Beeler (CBER); vaccines from Bellini/Rota or commercial. Total RNA from infected Vero cells by guanidinium-phenol (Trizol). RT-PCR consensus sequencing.,"yes — harvest when CPE in 70-80% of monolayer (harvest criterion, not isolate warrant). PFU as MOI.",PMC113987 / ASM OA PDF,refs/sequence_origins/MEA-P_parks_edmonston_aa_2001_jvi.pdf,Opens Parks noncoding paper cite 33. CPE documented for stock production harvest. Edmonston wt still gift/13-passage pointer (Enders 1954 not opened). MEA-C1 remains chain_open.
POL-P1,POL-O1,1977,Flanegan,Covalent linkage of a protein to a defined nucleotide sequence at the 5'-terminus of virion and replicative intermediate RNAs of poliovirus.,191841,10.1073/pnas.74.3.961,virion_RNA_prep,"Poliovirus-specific RNA prepared by infecting actinomycin D-treated HeLa cells with poliovirus type 1 as described (2=Hewlett 1976). Virions harvested 6 h, NP-40 lysis, nuclei removed, virions pelleted, purified by sucrose gradient (7=Spector 1975), RNA extracted SDS/acetic acid or SDS/phenol/chloroform/isoamyl (7).",no,CaltechAUTHORS OA PDF,refs/sequence_origins/POL-P_flanegan_1977_pnas.pdf,Racaniello cite 10. Does not name Mahoney explicitly (says type 1). Further hop: Hewlett 1976 + Spector 1975.
POL-P10,POL-O1;POL-O4,1974,Spector,Requirement of 3'-terminal poly(adenylic acid) for the infectivity of poliovirus RNA.,4370340,10.1073/pnas.71.8.2983,HeLa_type1_and_plaque_assay_of_RNA,Suspended HeLa in Joklik MEM + 7% horse serum and infection by type 1 poliovirus with actinomycin D 'has been described (9)'. Virion RNA SDS-acetic acid. RNA infectivity assayed; 'visualization of plaques was the same as for the poliovirus plaque'; five plaques arising from treated RNA analyzed.,"Plaques used as infectivity readout of extracted RNA, not as isolation of the sequenced stock. Type 1 not named Mahoney.",EuropePMC PDF,refs/sequence_origins/POL-P_spector_1974_pnas.pdf,Kitamura Nature cite 64. Shows Baltimore lab used plaque assays on HeLa for RNA infectivity. Still not first-principles Mahoney isolate production.
POL-P11,POL-P2,1966,Baltimore,Aspects of the synthesis of poliovirus RNA and the formation of virus particles,4287327,10.1016/0042-6822(66)90024-9,HeLa_type1_production_method,Suspension cultures of S-3 HeLa in Eagle’s medium + 5–7% horse serum; infected with 30–50 PFU/cell type 1 poliovirus in actinomycin D; 5% horse serum added 30–45 min pi. Cytoplasmic extracts; SDS/phenol RNA.,no,user PDF,refs/sequence_origins/POL-P11_baltimore_girard_darnell_1966.pdf,BAR2026-09-21h: PDF processed. Closes Spector→Baltimore production pointer for Racaniello chain.
POL-P12,POL-O4,1979,Nomoto,Defective interfering particles of poliovirus: mapping of the deletion…,219204,10.1016/0022-2836(79)90125-6,fingerprint_stability_claim,Standard virus and DI particles used to infect HeLa at MOI 30; 7 h pi progeny pelleted; CsCl to separate standard vs DI; 32P RNAs from purified virions/DI by SDS/phenol.,no (plaque-purified standard virus mentioned in intro history),user PDF,refs/sequence_origins/POL-P12_nomoto_1979_jmb.pdf,BAR2026-09-21h: PDF processed. Fingerprint identity support for Kitamura Fig.2; not first-principles Mahoney clinical isolation.
POL-P13,POL-P9,1972,Yogo,Polyadenylic acid at the 3-terminus of poliovirus RNA. (Dorsch-Häsler 1975 cite 50 — circular),4340162,10.1073/pnas.69.7.1877,circular_propagation_cite,"Dorsch-Häsler Methods say growth of S3 HeLa and propagation of Mahoney 'have been described previously (50)'. Literature cited (50) is Yogo & Wimmer 1972 PNAS (already POL-P6) — a poly(A) paper, not a first-principles propagation Methods source. Circular/misdirected hop.",no (same as POL-P6),already have as POL-P6,refs/sequence_origins/POL-P_yogo_1972_pnas.pdf,Documented circular cite. Does not close Mahoney production chain. Baltimore 1966 (POL-P11) and Lee 1979 (POL-P4) remain the critical missing hops.
POL-P2,POL-O1;POL-P1,1975,Spector,Polyadenylic acid on poliovirus RNA. II. poly(A) on intracellular RNAs.,167734,10.1128/jvi.15.6.1418-1431.1975,virion_RNA_prep,"Growth of suspended HeLa cells in Joklik MEM + 7% horse serum and production of type 1 poliovirus 'has been described (5=Baltimore, Girard & Darnell 1966 Virology)'. Infection at >5e7 cells/ml with 50 PFU/cell; virions from LiCl supernatant, SDS-sucrose; RNA by SDS-acetic acid extraction.",no (PFU used as MOI; no CPE word). OCR artifact 'CPeoamatgrap' is not CPE evidence.,CaltechAUTHORS OA PDF,refs/sequence_origins/POL-P_spector_1975_jvi.pdf,Flanegan cite 7. Type 1 not named Mahoney. Production deferred to Baltimore 1966 (POL-P11) — still missing.
POL-P3,POL-O1;POL-P1,1976,Hewlett,5'-terminal structure of poliovirus polyribosomal RNA is pUp.,174102,10.1073/pnas.73.2.327,RNA_prep_cite,Flanegan cite 2 for how labeled RNA was prepared. Paper itself: poliovirus RNA purified from virus-specific polyribosomes; 5' end pUp not cap. Full HeLa/Mahoney wording not re-quoted this pass beyond Flanegan's 'as described (2)'.,not extracted in full this pass,EuropePMC PDF,refs/sequence_origins/POL-P_hewlett_1976_pnas.pdf,Open hop still useful: polyribosomal RNA not the same as virion RNA Racaniello sequenced; Flanegan used it as the infection/labeling method pointer.
POL-P4,POL-O3;POL-O4;POL-P7,1979,Lee,Sequence Studies of Poliovirus RNA. IV. Nucleotide Sequence Complexities…,230285,10.1099/0022-1317-44-2-311,virion_RNA_extraction,PVI (Mahoney) and PV2 propagated in S3 HeLa suspension MEM+5% calf serum (Dorsch-Häsler 1975). Labelling 30–50 PFU/cell. RNA by SDS pH 3.5 lysis or phenol/chloroform/isopentanol; sucrose-gradient purified.,no (PFU titration only; DI particles from plaque-purified virus mentioned historically),user PDF,refs/sequence_origins/POL-P4_lee_1979_jgv.pdf,BAR2026-09-21h: PDF processed. Closes van der Werf/Kitamura RNA-isolation hop.
POL-P5,POL-C1,1982,Nomoto,Restriction Map of Double-Stranded DNA Copy Synthesized from Poliovirus Sabin 1 RNA,,10.1093/oxfordjournals.jbchem.a133850,virion_RNA_prep,Spinner-cultured HeLa S3 (4e6/ml) infected with 50-100 PFU/cell PV1(Sab) (8-10). Viruses purified 15-30% sucrose zonal as previously described (8-10). Phenol/chloroform extract; 35S virion RNA ethanol-precipitated after sucrose-gradient purification (8-10).,PFU as MOI only; plaque isolation not described. Thanks Kajigaya for growing PV1(Sab) and Nakano for growing HeLa S3.,J-STAGE PDF,refs/sequence_origins/POL-P_nomoto_1982_jbiochem.pdf,Nomoto PNAS 1982 cite 12. Further hops (8-10) still open: Nomoto JGV 1979; NAR 1979; Virology 1981.
POL-P6,POL-O4,1972,Yogo,Polyadenylic acid at the 3'-terminus of poliovirus RNA.,4340162,10.1073/pnas.69.7.1877,HeLa_Mahoney_virion_prep,"Suspension HeLa in Joklik MEM infected with 30-50 PFU of poliovirus Type 1 (Mahoney) per cell; virus isolated 7 h after infection (12). Purified twice in SDS-sucrose; some experiments CsCl. RNA by phenol or SDS pH 4, then 15-30% sucrose.",PFU as MOI; no CPE word in extracted Methods. Names Mahoney explicitly.,EuropePMC PDF,refs/sequence_origins/POL-P_yogo_1972_pnas.pdf,Kitamura 1981 cite 18 (polyA discovery on polio RNA). Documents Wimmer-lab HeLa+Mahoney+PFU practice a decade before the genome paper. Isolation cites (12)(13) still open.
POL-P7,POL-O4,1980,Kitamura,Sequence of 1060 3'-terminal nucleotides of poliovirus RNA as determined by a modification of the dideoxynucleotide method.,6158042,10.1073/pnas.77.6.3196,sequencing_method_and_RNA_pointer,Poliovirus type 1 (Mahoney) and virion RNA were isolated as described (7=Lee 1979 JGV 44:311). cDNA reverse-transcribed from 50 ug poliovirus RNA with oligo(dT).,no,EuropePMC PDF,refs/sequence_origins/POL-P_kitamura_wimmer_1980_pnas.pdf,Kitamura Nature 1981 cite 20 (the sequencing method). RNA isolation again defers to Lee 1979 = POL-P4.
POL-P8,POL-O4,1977,Lee,A protein covalently linked to poliovirus genome RNA.,189316,10.1073/pnas.74.1.59,HeLa_Mahoney_virion_prep,"32P-labeled RNA of poliovirus type 1 (Mahoney) isolated from 32P-labeled virus as previously described (5,11). Also: infecting 7.6e8 HeLa cells with 35 PFU/cell; virus purified as described (4,12).",PFU as MOI; no CPE word.,EuropePMC PDF,refs/sequence_origins/POL-P_lee_1977_pnas.pdf,"Kitamura Nature cite 5. Mahoney named. Further purification cites (4,5,11,12) open."
POL-P9,POL-O4,1975,Dorsch-Hasler,Replication of picornaviruses. I. Evidence from in vitro RNA synthesis that poly(A) of the poliovirus genome is genetically coded.,172656,10.1128/jvi.16.6.1512-1517.1975,HeLa_Mahoney_stock_pointer,Growth of strain S3 HeLa in suspension and propagation of poliovirus type 1 (Mahoney) have been described previously (50). Infection 40-50 PFU/cell.,PFU as MOI; no CPE word. Propagation deferred to cite 50.,EuropePMC PDF,refs/sequence_origins/POL-P_dorschhasler_1975_jvi.pdf,Kitamura Nature cite 62. Cite 50 for how Mahoney was propagated is still OPEN.
RAB-P1,RAB-O1,1986,Tordo,Primary structure of leader RNA and nucleoprotein genes of the rabies genome…,3008096,10.1093/nar/14.6.2671,virion_RNA_prep_Pasteur_strain,"Pasteur strain (PV) grown on BHK-21 'as previously described (19)'. Virions purified from culture supernatants adapted from Arita & Atanasiu (20). Genomic RNA: proteinase K in SDS/Tris/NaCl/EDTA, phenol-chloroform, ethanol ppt.",no CPE word in extracted Methods; culture on BHK-21 stated.,PMC339690 EuropePMC PDF,refs/sequence_origins/RAB-P_tordo_leader_np_1986_nar.pdf,Partial-genome era paper; feeds later complete-genome determination (Tordo 1988 Virology PMID 3407152 — PDF missing). Cite 19 growth Methods still open.
RHV-P1,RHV-O1,1983,Cann,Poliovirus type 3: molecular cloning of the genome and nucleotide sequence of the region encoding the protease and polymerase.,6298739,10.1093/nar/11.5.1267,RNA_extraction_and_cDNA_hybrid_cloning_method,"Stanway RHV-O1 cite 17. Methods for RNA purification reused for HRV-14: 'A plaque-purified isolate of the Sabin vaccine strain (Leon 12a,b) was propagated in HEP2c cells and purified on sucrose gradients as previously described (9). RNA was extracted directly from the appropriate sucrose fractions by the addition of SDS to 0.2% and proteinase K to 20ug/ml... phenol/chloroform/isoamyl...' Clone method: dC-tailed RNA.cDNA hybrids into dG-tailed pAT153 / E.coli JA221.",plaque-purified Sabin isolate named; CPE not quoted as warrant in Cann Methods (further hop Minor 1980).,PMC325795 EuropePMC PDF,refs/sequence_origins/RHV-P_cann_1983_nar.pdf,Method paper for polio Sabin — Stanway applied same RNA/cloning protocol to HRV-14. Virus purification of HRV-14 is in Stanway itself; this hop supplies phenol/proteinase K RNA extraction + hybrid cloning. Further: Minor 1980 = RHV-P2.
RHV-P2,RHV-P1,1980,Minor,Comparative biochemical studies of type 3 poliovirus.,6246264,10.1128/jvi.34.1.73-84.1980,HEp2_propagation_and_CPE_timing_for_Cann_cite9,"Cann cite 9. HEp-2 (Cincinnati) in Eagle BME+5% FCS. Virus stocks grown in HEp-2 at 35C; at most two passes from outside sources. Infection: after adsorption, 'Under these conditions, a cytopathic effect was observed at 9 h postinfection.' Protein labeling harvest at 6 h (before full CPE).",yes — CPE observed at 9 h postinfection under described conditions (timing observation).,PMC288672 EuropePMC PDF,refs/sequence_origins/RHV-P_minor_1980_jvi.pdf,Documents CPE timing in HEp-2 for type 3 polio stocks used as Cann purification backdrop. Not HRV-14 itself. HRV-14 Ohio HeLa path still lacks CPE quote in Stanway.
RHV-P3,RHV-O1,1984,Stanway,Molecular cloning of the genomes of poliovirus type 3 strains by the cDNA: RNA hybrid method.,6331350,10.1007/bf01309297,cDNA_RNA_hybrid_cloning_method,Stanway RHV-O1 cite 18. Arch Virol paywalled; Methods not quoted this pass.,unknown,paywalled Arch Virol,,Second method cite alongside Cann 17. Still missing PDF.
RUB-P1,RUB-O1,1988,Hemphill,Time Course of Virus-Specific Macromolecular Synthesis During Rubella Virus Infection in Vero Cells,3336944,10.1016/0042-6822(88)90395-9,Therien_plaque_stock,Plaque-purified rubella virus (Therien) from J. Wolinsky; plaque-purified additional two times in Vero; agar plug eluted; used to infect Vero.,yes (plaque purification),user PDF,refs/sequence_origins/RUB-P_hemphill_1988.pdf,BAR2026-09-21h: Albert note confirmed — PDF already present; processed. DOI 10.1016/0042-6822(88)90395-9 is correct Hemphill et al. (not Frey & Hemphill DI).
HBV-P1,HBV-O1,1979,Charnay,Cloning in Escherichia coli and physical structure of hepatitis B virion DNA,377294,10.1073/pnas.76.5.2222,Dane_particle_clone_construction,HBV purified as Summers et al. (4); DNA labeled with endogenous polymerase; circular genome EcoRI-cleaved and inserted into λgtWES.XB. Thanks Dr. P. Maupas for virion-rich serum; Summers helped purify HBV DNA.,n/a (serum particles),PMC383570 EuropePMC PDF,refs/sequence_origins/HBV-P_charnay_1979_pnas.pdf,Direct upstream of Galibert Eco HBV DNA. Serum donor Maupas not further identified.
HBV-P2,HBV-P1;HBV-O1,1975,Summers,Genome of hepatitis B virus: restriction enzyme cleavage and structure of DNA extracted from Dane particles,1060140,10.1073/pnas.72.11.4597,Dane_particle_DNA_extraction,"Dane particles: human plasma enriched in Dane particles (2× sucrose) kindly provided by William Robinson (Stanford). DNA extracted Pronase 500 µg/ml 2 h 37°C + 0.5% SDS/Sarkosyl, phenol, ethanol ppt.",n/a,PMC388770 EuropePMC PDF,refs/sequence_origins/HBV-P_summers_1975_pnas.pdf,"Plasma donor is Robinson lab stock, not a named patient. First-principles still open."
B19-P1,B19-O1,1986,Cotmore,Identification of the major structural and nonstructural proteins encoded by human parvovirus B19…,3021988,10.1128/jvi.60.2.548-557.1986,plasma_virion_source_and_clone_context,"Plasma from child with homozygous sickle-cell disease early aplastic crisis (Pediatric Sickle Cell Clinic, Medical College of Georgia) contained B19 virions. B19-Au genome molecularly cloned; sequenced in Shade companion.",n/a (clinical plasma),PMC288924 EuropePMC PDF,refs/sequence_origins/B19-P_cotmore_1986_jvi.pdf,Companion to Shade; clinical_direct strengthened.
VSV-P1,VSV-O1,1981,Rose,Nucleotide sequences of the mRNA's encoding the vesicular stomatitis virus G and M proteins…,6268842,10.1128/jvi.39.2.519-528.1981,G_M_mRNA_cDNA_sequence,Complete coding sequences of G and M mRNAs from cDNA clones; mRNA from VSV-infected cells (details deferred to prior Rose methods cites).,not extracted,PMC171362 EuropePMC PDF,refs/sequence_origins/VSV-P_rose_1981_jvi.pdf,Gene-level hop for composite Indiana genome.
VSV-P2,VSV-O1,1981,Gallione,Nucleotide sequences of the mRNA's encoding the vesicular stomatitis virus N and NS proteins,6268841,10.1128/jvi.39.2.529-535.1981,N_NS_mRNA_cDNA_sequence,"N and NS mRNA sequences from cDNA clones; mRNA synthesis/cDNA cloning as previously described (9,18).",not extracted,PMC171363 EuropePMC PDF,refs/sequence_origins/VSV-P_gallione_1981_jvi.pdf,Gene-level hop for composite Indiana genome.
HEV-P1,HEV-O1,1990,Reyes,"Isolation of a cDNA from the virus responsible for enterically transmitted non-A, non-B hepatitis",2107574,10.1126/science.2107574,ET1.1_cyno_bile_clone,Infectious cynomolgus macaque bile (serial ET-NANBH passage from human feces) → cDNA library; clone ET1.1; VLPs in feces/bile. Animal path behind Tam full-length.,n/a (animal bile/feces; no cell-culture CPE for sequenced material),user PDF (Science multi-article; target article present),refs/sequence_origins/HEV-P_reyes_1990_science.pdf,21M: PDF verified; reinforces HEV-O1 other (cyno) path.
HBV-P3,HBV-O1,1974,Robinson,DNA of a human hepatitis B virus candidate,4368509,10.1128/jvi.14.2.384-391.1974,Dane_particle_DNA_from_named_plasma_lots,"Plasmas 21, 22, 26 from three chronic HBAg carriers with high Dane-associated DNA polymerase; Dane particles concentrated from liters of plasma; DNA polymerase product characterized as circular DNA inside cores.",n/a (plasma Dane particles),EuropePMC OA PDF,refs/sequence_origins/HBV-P_robinson_1974_jvi.pdf,Upstream of Summers (Robinson-supplied plasma). Lot numbers not named patients.
HBV-P4,HBV-P3;HBV-O1,1973,Kaplan,DNA polymerase associated with human hepatitis B antigen,4765400,10.1128/jvi.12.5.995-1005.1973,Dane_polymerase_plasma_source,Concentrated HBAg rich in Dane particles from high-speed centrifugation of antigen-positive human plasma (chronic carriers); polymerase activity in Dane cores.,n/a,EuropePMC OA PDF,refs/sequence_origins/HBV-P_kaplan_1973_jvi.pdf,Supports Robinson/Summers plasma Dane path.
AAV-P1,AAV-O1,1966,Hoggan,"Studies of small DNA viruses found in various adenovirus preparations: physical, biological, and immunological characteristics",5227666,10.1073/pnas.55.6.1467,AAV_stock_discovery_in_Ad_pools,AAV particles in Ad7 LLE46+ stock pools after AGMK/HEK passage; AAV assayed in HEK with Ad helper to 4+ CPE then CF/EM; CsCl separation from adenovirus.,Ad helper CPE (4+) used as assay endpoint; not AAV plaques,EuropePMC/PNAS OA PDF,refs/sequence_origins/AAV-P_hoggan_1966_pnas.pdf,Cite (25) from Srivastava for AAV 2H stock.
AAV-P2,AAV-O1,1969,Rose,Evidence for a single-stranded adenovirus-associated virus genome: formation of a DNA density hybrid on release of viral DNA,5264145,10.1073/pnas.64.3.863,AAV_propagation_and_DNA_purification_methods,AAV-3 grown in HEK with Ad7 E46- helper; Ad2 in KB cells; virus purified from cells; DNA extracted SDS 50C.,not primary isolate warrant,EuropePMC/PNAS OA PDF,refs/sequence_origins/AAV-P_rose_1969_pnas.pdf,Cite (36) from Srivastava Methods.
JC-P1,JC-O1,1983,Grinnell,Comparison of infectious JC virus DNAs cloned from human brain,6296438,10.1128/jvi.45.1.299-308.1983,PML_brain_DNA_and_MAD1_source,JCV DNA cloned directly from autopsy brains of 10 confirmed PML patients; case 1 = brain from which prototype MAD-1 was isolated by inoculating PML brain extract into PHFG cells; clones infectious in PHFG.,PHFG culture; antigen IF; not classic plaque CPE quote,EuropePMC OA PDF,refs/sequence_origins/JC-P_grinnell_1983_jvi.pdf,Opens brain-isolation hop claimed by Frisque 1984.
JC-P2,JC-O1,1983,Frisque,Nucleotide sequence of the region encompassing the JC virus origin of DNA replication,6298454,10.1128/jvi.46.1.170-176.1983,Mad1_clone_origin_region_context,Origin-region sequence from Mad-1; notes DNA from same brain tissue vs tissue-culture-propagated virus (pMad1-Br vs pMad1-TC).,culture-propagated Mad-1 referenced,EuropePMC OA PDF,refs/sequence_origins/JC-P_frisque_1983_origin_jvi.pdf,Supports brain vs TC DNA equivalence claim.
JC-P3,JC-O1,1971,Padgett,Cultivation of papova-like virus from human brain with progressive multifocal leucoencephalopathy,,10.1016/s0140-6736(71)91777-6,JC_clinical_culture_isolation,Papova-like virus cultivated from human brain (PML) in human fetal glial cultures; cytopathic effect in affected astrocyte cultures.,yes (cytopathic effect in glia),user PDF,refs/sequence_origins/JC-P_padgett_1971_lancet.pdf,BAR2026-09-21h: PDF processed. Upstream culture+CPE isolation for JC.
VSV-P3,VSV-O1,1977,Rose,Giant heterogeneous polyadenylic acid on vesicular stomatitis virus mRNA synthesized in vitro in the presence of S-adenosylhomocysteine,189093,10.1128/jvi.21.2.683-693.1977,Indiana_stock_and_in_vitro_mRNA_synthesis,BHK-21 spinner cells for virus growth; cloned VSV Indiana serotype for stocks; virions purified from culture medium; in vitro transcription for mRNA used downstream in sequencing papers.,not extracted,EuropePMC OA PDF,refs/sequence_origins/VSV-P_rose_1977_jvi.pdf,Stock/mRNA hop for composite Indiana genome.
RSV-P1,RSV-O1,1985,Wertz,Nucleotide sequence of the G protein gene of human respiratory syncytial virus reveals an unusual type of viral membrane protein,3858865,10.1073/pnas.82.12.4075,A2_gene_mRNA_cDNA_hop,cDNA clones from intracellular viral mRNA (RSV); G gene sequenced; part of gene-by-gene A2 assembly culminating in Stec 1991 L.,syncytia mentioned as RS cytopathology generally,EuropePMC/PNAS OA PDF,refs/sequence_origins/RSV-P_collins_1985_G_pnas.pdf,OA gene hop for RSV composite O.
NOR-P1,NOR-O1,1997,Hardy,Completion of the Norwalk virus genome sequence,,10.1007/BF00284649,genome_completion,Completion paper for Norwalk genome (builds on Jiang stool-virion cDNA).,no,user PDF,refs/sequence_origins/NOR-P_hardy_1997_virusgenes.pdf,BAR2026-09-21h: PDF present/processed.
B19-P2,B19-O1,1975,Cossart,Parvovirus-like particles in human sera,,10.1016/s0140-6736(75)91074-0,B19_serum_discovery,Parvovirus-like particles detected in human sera (blood donors); antigen banding in CsCl density 1.36–1.40.,no (serum particles; not cultured),user PDF,refs/sequence_origins/B19-P_cossart_1975_lancet.pdf,BAR2026-09-21h: PDF processed.
AAV-P3,AAV-O1,1966,Rose,Nucleic acid from an adeno-associated virus: chemical and physical studies,5229859,10.1073/pnas.56.1.86,AAV_DNA_characterization_from_Ad7_E46_stocks,AAV from human Ad7 LL E46+; HEK monolayers; one E46+ stock 1e2-1e3 AAV/Ad particle; CsCl purify AAV DNA; compare to E46-.,Ad infectivity TCID50 in HEK; not AAV plaques,EuropePMC/PNAS OA PDF,refs/sequence_origins/AAV-P_rose_hoggan_shatkin_1966_pnas.pdf,Pass d hop. Distinct from Rose 1969 (AAV-P2).
FLU-B-P1,FLU-B-O1,1982,Shaw,Complete nucleotide sequence of the neuraminidase gene of influenza B virus,6294654,10.1073/pnas.79.22.6817,B_Lee40_NA_segment_eggs,Lee/40 grown in embryonated eggs; virion genome RNA; cytoplasmic mRNAs from infected HeLa.,no,EuropePMC OA PDF,refs/sequence_origins/FLU-B_P_shaw_air_NA_1982_pnas.pdf,
FLU-B-P2,FLU-B-O1,1983,Briedis,Complete nucleotide sequence of the nucleoprotein gene of influenza B virus,6688639,10.1128/jvi.47.3.642-648.1983,B_Sing_NP_segment_eggs,B/Singapore/222/79 from Alan Kendal CDC; grown in 10-day embryonated chicken eggs; vRNA from purified virions.,no,EuropePMC OA PDF,refs/sequence_origins/FLU-B_P_briedis_NP_1983_jvi.pdf,
FLU-B-P3,FLU-B-O1,1984,Berton,Antigenic structure of the influenza B virus hemagglutinin: nucleotide sequence analysis…,6208383,10.1128/jvi.52.3.919-927.1984,B_Oregon_HA_eggs_clinical_seed,B/Oregon/5/80 from Reye patient (Kendal); allantoic eggs; cloned 3x limiting dilution; virion RNA proteinase K/phenol.,no (egg limiting dilution),EuropePMC OA PDF,refs/sequence_origins/FLU-B_P_berton_webster_HA_1984_jvi.pdf,Clinical seed then eggs.
SIN-P1,SIN-O1,1982,Rice,Sequence studies of several alphavirus genomic RNAs in the region containing the start of the subgenomic RNA,6291034,10.1073/pnas.79.17.5235,alphavirus_26S_from_BHK,Sindbis HR / SFV / Middelburg 26S prepared as described; RRV 26S/49S from infected BHK cells.,not extracted,EuropePMC OA PDF,refs/sequence_origins/SIN-P_rice_strauss_1982_pnas.pdf,
SIN-P2,SIN-O1,1983,Strauss,Sequence coding for the alphavirus nonstructural proteins is interrupted by an opal termination codon,6577423,10.1073/pnas.80.17.5271,Sindbis_ns_opal_partial,Partial ns sequencing toward complete genome; Methods defer to prior Strauss cloning.,unknown,EuropePMC OA PDF,refs/sequence_origins/SIN-P_strauss_opal_1983_pnas.pdf,
ROTA-P1,ROTA-O1,1982,Both,A general strategy for cloning double-stranded RNA: nucleotide sequence of the Simian-11 rotavirus gene 8,6296764,10.1093/nar/10.22.7075,SA11_MA104_virion_RNA_cloning,SA11 from I.H. Holmes Melbourne; propagated in MA104; purified (reovirus method); virion RNA SDS-phenol.,not stated,EuropePMC OA PDF,refs/sequence_origins/ROTA-P_both_1982_nar_cloning.pdf,
ROTA-P2,ROTA-O1,1989,Mitchell,Complete nucleotide sequence of the simian rotavirus SA11 VP4 gene,2538804,10.1093/nar/17.5.2122,SA11_VP4_segment,Full-length cDNA of SA11 gene 4 from partial clones; EMBL X14204. Stock prep deferred to prior Both papers.,n/a,EuropePMC OA PDF,refs/sequence_origins/ROTA-P_both_1989_nar_VP4.pdf,
ROTA-P3,ROTA-O1,1984,Both,Nucleotide sequence of the dsRNA genomic segment 7 of Simian 11 rotavirus,6322111,10.1093/nar/12.3.1621,SA11_seg7,SA11 segment 7 sequence; same lab SA11 stock lineage as 1982 cloning paper.,unknown,EuropePMC OA PDF,refs/sequence_origins/ROTA-P_both_1984_nar_seg7.pdf,
BK-P1,BK-O1,1980,Yang,BK virus DNA sequence coding for the t and T antigens…,6246273,10.1128/jvi.34.2.416-430.1980,BK_MM_early_region_Howley_stocks,Plaque-purified BKV WT and MM from P.W. Howley; HEK cells; early-region sequence.,plaque-purified stocks,EuropePMC OA PDF,refs/sequence_origins/BK-P_yang_wu_1980_jvi.pdf,Does not replace Science complete genome Methods.
LCMV-P1,LCMV-O1,1991,Salvato,Molecular basis of viral persistence: a single amino acid change in the glycoprotein of LCMV…,1840619,10.1128/JVI.65.4.1863-1869.1991,ARM53b_complete_RNA_comparison,Complete RNA sequence of LCMV ARM 53b (CTL+) compared with variant ARM clone 13 (CTL-); mouse-persistent lymphoid isolates.,PFU dosing in related work,EuropePMC OA PDF,refs/sequence_origins/LCMV-P_salvato_1991_jvi.pdf,Stock/path phenotype paper with complete ARM sequence claim.
SFV-P1,SFV-O1,1975,Tuomi,Quantitation of Semliki Forest virus RNAs in infected cells using 32P equilibrium labelling,1107685,10.1093/nar/2.4.555,virion_RNA_prep,BHK21 and HeLa infected with SFV prototype (50 PFU/cell); virus purified from culture medium by discontinuous sucrose gradient; 42S RNA analysis. Takkinen cite (26) for virion RNA isolation method.,PFU as MOI only; CPE word not used as isolate warrant,NAR bronze OA PDF (OUP),refs/sequence_origins/SFV-P_tuomi_1975_nar.pdf,"21L: CORRECTED — Takkinen cite (26) is Tuomi 1975 NAR, not Clegg & Kennedy 1974 (that is cite 5). Soft-bar hop closes SFV-O1 culture_no_cpe."
REO-P1,REO-O1,1983,Richardson,Nucleotide sequence of reovirus genome segment S3…,,10.1093/nar/11.18.6399,S3_segment_sequence,Complete nucleotide sequence of human reovirus (Dearing) genome segment S3 encoding σNS.,no,user PDF (title-verified reovirus S3 — NOT chloroplast),refs/sequence_origins/REO-P_richardson_S3_1983_nar.pdf,BAR2026-09-21h: User PDF title-verified as reovirus S3 (prior PMC payload was wrong chloroplast). OK to use.
FMDV-P1,FMDV-O1,1984,Strohmaier/Keller,(RNA providers named in Forss Methods; no separate paper opened),,,BHK_passage_RNA_provider,Kaufbeuren 1966-67 field isolate passaged in BHK; plaque-purified; O1K RNA after p7 and p64 provided to Forss lab.,plaque-purified (yes),named in Forss OA PDF only,,Pointer node — original Kaufbeuren isolation paper not retrieved. Pass f: Kupper 1981 Nature cDNA (PMID 6258084; 10.1038/289555a0) still closed; Kaufbeuren 1966-67 field isolation paper not found as standalone OA.
HEND-P1,HEND-O1,1998,Wang,"A novel P/V/C gene in a new member of the Paramyxoviridae family, which causes lethal infection in humans, horses, and other animals",9445051,10.1128/JVI.72.2.1482-1490.1998,Vero_plaque_stock_and_cDNA_library,"Vero cells; HeV isolated and plaque purified as previously described (17,29); stocks under BSL-4; virus purified from infected Vero supernatant by pelleting; cDNA library from purified genomic RNA.",plaque purified (yes); TCID50 titers,PMC124629 EuropePMC PDF,refs/sequence_origins/HEND-P_wang_1998_jvi_PVC.pdf,Cite 33 of Wang 2000. Further hops to Murray 1995 isolation still open.
COV-MERS-P1,COV-O6,2012,Zaki,Isolation of a novel coronavirus from a man with pneumonia in Saudi Arabia,22623819,10.1056/NEJMoa1211721,primary_isolation_CPE_syncytia,Sputum from 60yo Saudi pneumonia patient → culture isolation of novel coronavirus (HCoV-EMC); CPE including syncytia described; feeds van Boheemen complete genome.,yes — CPE/syncytia in isolation report,user PDF,refs/sequence_origins/COV-MERS-P_zaki_2012_nejm.pdf,21M: PDF verified (was abstract-only).
ZIKV-P1,ZIKV-O1,1952,Dick,Zika virus. (I). Isolations and serological specificity,12995440,10.1016/0035-9203(52)90042-4,first_isolation_mouse,First isolation of Zika virus from mosquitoes/sentinel rhesus in Uganda; mouse inoculation path establishing MR766-era prototype.,n/a (animal/mouse isolation era),user PDF,refs/sequence_origins/ZIKV-P_dick_1952_trstmh.pdf,21M: PDF verified; first-principles isolation behind Kuno MR-766 mouse-brain stocks.
HEND-P2,HEND-O1,1995,Murray,A morbillivirus that caused fatal disease in horses and humans,7701348,10.1126/science.7701348,first_isolation_syncytia,Horse lung homogenate → Vero: cytopathic effect with focal syncytia; syncytia also LLC-MK2/MRC5; endothelial syncytia in vivo. TCID50 stocks.,yes — CPE with focal syncytia formation in Vero; syncytia LLC-MK2/MRC5,user PDF (Science multi-article; target present),refs/sequence_origins/HEND-P_murray_1995_science.pdf,21M: PDF verified; syncytia/CPE quotes reinforce HEND-O1 culture_cpe.
NIPAH-P1,NIPAH-O1,2000,Chua,Nipah virus: a recently emergent deadly paramyxovirus,10797013,10.1126/science.288.5470.1432,outbreak_isolation_syncytia,Vero cells inoculated with CSF from Malaysian outbreak patients; syncytial CPE; EM paramyxovirus features. Feeds Harcourt gene-set O.,yes — syncytia in Vero from CSF,user PDF (Science multi-article; target present),refs/sequence_origins/NIPAH-P_chua_2000_science.pdf,21M: PDF verified; syncytia/Vero CSF isolation quoted.
ZIKV-P1b,ZIKV-O1,1952,Dick,Zika virus. I. Isolations and serological specificity,12995440,10.1016/0035-9203(52)90042-4,MR766_first_isolation_paper,Historical isolation paper for Zika MR766 from sentinel rhesus (Uganda 1947) and Aedes. Full Methods not opened (paywalled Trans R Soc Trop Med Hyg).,unknown,user PDF,refs/sequence_origins/ZIKV-P_dick_1952_trstmh.pdf,Replaces vague ZIKV-P1 pointer with stable IDs. Still chain_open. | 21M: same Dick 1952 PDF attached.
COV-229E-P1,COV-O7,2001,Thiel,Viral replicase gene products suffice for coronavirus discontinuous transcription,11413334,10.1128/jvi.75.14.6676-6681.2001,229E_vaccinia_cDNA_replicase_companion,Companion to Inf-1 reverse genetics: vaccinia vector clone of 22.5-kbp cDNA representing 5′/3′ ends + replicase of HCoV-229E with GFP reporter; RNA transfected into BHK-21. Supports vaccinia-cloned 229E cDNA platform behind Inf-1 genome; not the complete-genome Methods paper.,n/a (reporter fluorescence in BHK-21; not isolate CPE warrant),PMC114390 EuropePMC PDF,refs/sequence_origins/COV-229E_P_thiel_replicase_2001_jvi.pdf,OA companion hop for COV-O7; JGV Thiel 2001 complete/Inf-1 Methods still wishlist-blocked. | 21N: COV-O7 JGV Methods now have; companion remains supporting P node.
COV-229E-P_hamre,COV-O7,1966,Hamre,A new virus isolated from the human respiratory tract,4285768,10.3181/00379727-121-30734,first_isolation_229E_CPE,Student respiratory specimens → secondary human kidney / HEL / WI-38; CPE slow in HEL/WI-38; prototype 229E purified by 3 serial limiting dilutions in WI-38; CF antigen from WI-38 at maximum CPE.,yes — CPE in HEL/WI-38; maximum CPE for CF antigen harvest; limiting-dilution purification,user PDF,refs/sequence_origins/COV-229E_P_hamre_1966_psebm.pdf,21M: PDF verified. Strengthens VR-740/Inf-1 first-principles but COV-O7 Thiel JGV Methods still missing. | 21N: COV-O7 closed culture_no_cpe on Thiel Methods; Hamre remains first-isolation CPE P node (not used to inflate O path_score).
MEA-Enders,MEA-O1;MEA-C1,1954,Enders,Propagation in Tissue Cultures of Cytopathogenic Agents from Patients with Measles,13177653,10.3181/00379727-86-21073,Edmonston_clinical_isolation_CPE,Throat washings and venous blood from measles patients inoculated into human/monkey kidney tissue cultures; distinctive cytopathic changes (syncytial giant cells) in renal epithelial cells; serial passage.,yes (cytopathogenic agents; syncytial giant cells),user PDF,refs/sequence_origins/MEA_enders_peebles_1954.pdf,BAR2026-09-21h: PDF processed. First-principles Edmonston-lineage CPE isolation.
COV-P_mcintosh_mousebrain_1967,COV-O3,1967,McIntosh,"Growth in suckling-mouse brain of ""IBV-like"" viruses from patients with upper respiratory tract disease",4298953,10.1073/pnas.58.6.2268,ATCC VR759 / OC43 lineage isolation cite (Vijgen ref 42),Organ-culture-passaged IBV-like viruses inoculated into suckling mice; encephalitis for 2/6 strains; mouse-brain growth path for OC43 lineage.,Animal encephalitis (not monolayer CPE); companion organ-culture paper uses CIE/CPE detection language,PMC223830 EuropePMC PDF,refs/sequence_origins/COV-P_mcintosh_mousebrain_1967_pnas.pdf,21j: Vijgen cite 42; supports OC43 historical path; COV-O3 scored culture_no_cpe on RD Methods.
COV-P_mcintosh_organ_1967,COV-O3,1967,McIntosh,Recovery in tracheal organ cultures of novel viruses from patients with respiratory disease,5231356,10.1073/pnas.57.4.933,Organ-culture isolation companion for OC43/IBV-like group,Human embryonic tracheal organ cultures; agents detected by ciliary inhibition / EM; CPE language for tissue-culture observation.,CIE in organ culture; tubes observed for cytopathic effect; not used as RD-culture warrant for Vijgen deposit,PMC224637 EuropePMC PDF,refs/sequence_origins/COV-P_mcintosh_organ_culture_1967_pnas.pdf,21j supporting P for COV-O3.
ASTRO-P_willcocks_adapt_1994,ASTRO-O1,1994,Willcocks,Cell culture adaptation of astrovirus involves a deletion,8057481,10.1128/jvi.68.9.6057-6058.1994,Prototype HAst culture-adaptation context (CPE at 6th HEK passage),Serial blind passage in primary HEK; No cytopathic effects until sixth passage; then LLC-MK2. Prototypes HAst-1p–5p used for most experimentation; complete genomes cited for prototypes.,Yes — CPE from sixth HEK passage for culture-adapted prototypes,PMC237012 EuropePMC PDF,refs/sequence_origins/ASTRO-P_willcocks_adaptation_1994_jvi.pdf,21j: supports future ASTRO-O1 culture_cpe if O Methods PDF obtained; O still open (JGV paywalled). | 21M: O1 complete-genome PDF now closes ASTRO-O1 culture_cpe; adaptation P remains context for culture deletions.
BVDV-C_marques_suwa_2013,BVDV-C1,2013,Marques Antunes de Oliveira,Complete genome sequences of both biotypes of a virus pair of BVDV subgenotype 1k,23887907,10.1128/genomeA.00287-13,OA confirmation: plaque-separated Cp/Ncp pair genomes,Plaque cloning of biotypes; SuwaCp RNA from infected bovine turbinate cells → KC853440/41,Yes — Cp biotype + plaque formation,PMC3735061 EuropePMC OA,refs/sequence_origins/BVDV-C_marques_suwa_biotypes_2013_genomea.pdf,21k
BVDV-C_toplak_2019,BVDV-C2,2019,Toplak,Nearly complete genome sequences of two BVDV isolates (1f ncp + 1d cp),31727701,10.1128/MRA.00931-19,OA confirmation: BT culture supernatant genomes,BT cells; cp SLO/2416/2002 CPE; RNA from supernatants → KX987157 / KY849592,Yes for cp isolate on BT cells,PMC6856267 EuropePMC OA,refs/sequence_origins/BVDV-C_toplak_1f_1d_2019_mra.pdf,21k
FMDV-C_palinski_2022,FMDV-C1,2022,Palinski,Genome sequences of FMDV SAT1 strains purified from coinfected Cape buffalo,36094180,10.1128/mra.00725-22,OA confirmation: plaque-purified SAT1 genomes,LFBK-αVβ6 passage ± agar plaque purification; RNA → OM562514–91,Yes — plaque purification,PMC9584208 EuropePMC OA,refs/sequence_origins/FMDV-C_palinski_sat1_buffalo_2022_mra.pdf,21k
EV71-C_jagtap_2025,EV71-C2,2025,Jagtap,Near-complete EV-A71 genotype A (BrCr-like) genomes from India HFMD,41805185,10.1128/mra.00887-25,OA confirmation: RD CPE + Vero plaque genomes,RD CPE harvest; plaque-purified 2× Vero; supernatant RNA → PX021637/38,Yes — CPE + plaque,PMC13064089 EuropePMC OA,refs/sequence_origins/EV71-C_jagtap_brcr_india_2025_mra.pdf,21k
ADE-P1,ADE-O1,1982,Gingeras,Nucleotide sequences from the adenovirus-2 genome (constituent of Roberts consensus),7142161,10.1016/s0021-9258(18)33473-2,constituent_Ad2_DNA_seq,Ad2 DNA from purified virus grown in HeLa or KB suspension; plaque-purified stock among preparations sequenced.,plaque-purified stock stated,local PDF (ADE-O2),refs/sequence_origins/ADE-O2_gingeras_1982_jbc.pdf,21L: documentary hop ADE-O1 consensus ← ADE-O2 culture_cpe Methods
FMDV-P_kupper_1981,FMDV-O1,1981,Küpper,Cloning of cDNA of major antigen of foot and mouth disease virus and expression in E. coli,6162101,10.1038/289555a0,O1K_plaque_BHK_RNA_upstream,O1 Kaufbeuren 1966-67 isolate; cloned three times from single plaques; ~50 cell-culture passages; RNA from BHK monolayer roller bottles → cDNA (VP1 focus). Same O1K lineage Forss later sequenced.,yes — cloned three times from single plaques,user PDF (Nature image; OCR),refs/sequence_origins/FMDV-P_kupper_1981_nature.pdf,21M NEW node: OCR Nature PDF; plaque×3 + BHK RNA reinforces FMDV-O1 culture_cpe.
CMV-P_fleckenstein,CMV-O1,1982,Fleckenstein,Cloning of the complete human cytomegalovirus genome in cosmids,6286417,10.1016/0378-1119(82)90054-3,AD169_virion_DNA_cosmid_library,Ad169 propagated in human embryonic lung cells or foreskin fibroblasts; herpes virus particles concentrated from cell-free culture fluids; viral DNA purified by CsCl; partial HindIII/EcoRI digests cloned in cosmid pHC79 — complete overlapping gene library used by Chee 1990.,no — culture propagation stated; CPE/plaques not used as warrant in Materials and Methods,user PDF,refs/sequence_origins/CMV-O1_fleckenstein_1982_gene.pdf,21N: Primary production hop closing CMV-O1 with Chee 1990 (soft method↔deposit).
