ID,year,virus,seq_code,evidence_quote,accession_if_any,source_used,confidence,notes
VI2,2013,SL-CoV-WIV1,seq_yes,"the S protein RBD sequences indicated the (ACE2)9,10. Here we report whole-genome sequences of two novel bat presence of seven different strains of SL-CoVs (Fig. 1a and Extended coronaviruses from Chinese horseshoe bats (family: Rhinolophidae)",KC881005;KC881007;KC880984;KC881003;KC881004;EF203067;NC_009657;NC_010437,pdf:68341;meta:2048,high,title=Isolation and characterization of a bat SARS-like coronavirus that uses the ACE2 receptor.
VI8,2020,SARS-CoV-2,seq_no,"Linked paper is 1983 HFRS Vero isolation (PMID 6134854), not SARS-CoV-2; no sequencing/genetic characterization",,pdf:28707;meta:740,high,CSV virus/link mismatch; coded linked paper; title=Isolation of virus causing hemorrhagic fever with renal syndrome (HFRS) through a cell cul; CSV virus field SARS-CoV-2 does not match linked PMID
VI13,2020,SARS-CoV-2,seq_yes,"y testing by using real-time reverse transcription PCR (CDC) and full-genome sequencing ( 1 ). The CDC molecular diagnostic assay targets 3 portions of the nucleocapsid gene, and results for all 3 portions must be positive for a sample to be considered positive ( https://www.cdc.gov/cor",NC045512;MN985325.1;MT020880;MT020881;MN985325;AI114657,epmc_ft:32006,high,"title=Severe Acute Respiratory Syndrome Coronavirus 2 from Patient with Coronavirus Disease, Uni"
VI14,2019,HRSV,seq_yes,"ds: Human respiratory syncytial virus, Virus isolation, RT-PCR, HVR2, Phylogenetic analysis, Molecular epidemiology status released display-pdf yes is-olf no is-manuscript no is-preprint no is-journal-matter no is-scanned no is-retracted no Received 2019 Jun 24; Accepted 2019 Oct 6; Collect",KX533701;KX533692;KX533588;KT765058;JN257693;KC731482;KT781400;KJ658809,epmc_ft:31860;meta:1192,high,title=Virus isolation and genotype identification of human respiratory syncytial virus in Guizho
VI15,2019,DENV-2,seq_yes,"ripts Isolation and molecular characterization of Dengue virus clinical isolates from pediatric patients in New Delhi Meenakshi Kar#1, Amul Nisheetha#2, A",,pdf:78523;meta:1361,high,title=Isolation and molecular characterization of dengue virus clinical isolates from pediatric 
VI16,2002,HSV-1,seq_unclear,"cal investigations (PCR and viral antigen detection positive, n = 15, PCR positive, n = 1, Viral antigen positive, n = 1). Scrapings obtained from 10 patients with infectious keratitis of non-viral origin were included as controls. All the scrapings were simultaneously inoculated i",,epmc_ft:21036;meta:2207,medium,PCR_without_clear_sequence; title=Comparison of an immortalized human corneal epithelial cell line with Vero cells in the is
VI18,2015,influenza,seq_yes,"Sequence analysis and virological assays of the adapted strain revealed that mutations in four viral internal genes (NP, PB1, PA and NS1) were sufficient for adaptation",,meta:1410,medium,abstract-level; soft bar; title=A Vero-cell-adapted vaccine donor strain of influenza A virus generated by serial passages
SPT10,2022,ZIKV,seq_unclear,ZIKV tetracysteine-tagged capsid / reverse-genetics style genome engineering paper; not clear clinical Isolate→sequence characterization,,epmc_ft:61987;meta:2399,medium,engineering ≠ soft-bar isolate genetic characterization; title=Tracking the Replication-Competent Zika Virus with Tetracysteine-Tagged Capsid Protein in 
VI23,2024,SARS-CoV-2,seq_yes,"Vero E6 A2T2 cells, culture occurred up to 7 days after confirmation. Whole-genome sequencing showed no evidence of adaptive mutations when Vero E6 A2T2 was used for viral culture, supporting use for downstream analyses. Optimized infectious virus detection systems are needed for research and",NC_045512,epmc_ft:42434;meta:1170,high,title=Enhanced Isolation and Detection of COVID-19 in Hospitalized Patients Undergoing Antiviral
VI24,2011,Influenza A and B,seq_no,"Amphotericin B influenza replication study; GenBank HA JF340083 is reference listing, not sequencing of culture isolates",,pdf:47745;meta:1019,high,reference accession ≠ isolate→sequence; title=Antimycotic-antibiotic amphotericin B promotes influenza virus replication in cell culture
VI25,2019,EBOV (Makona-C05 and Yambuko-Mayinga),seq_yes,"rus/H.sapiens-tc/GIN/2014/Makona-C05, abbreviated name: EBOV/Mak-C05, GenBank accession number KP096420.1 ) was generously provided by Dr. Gary Kobinger of Public Health Agency Canada [ 17 ]. This stock was passaged three times in Vero E6 cells (obtained through BEI Resources, NIAID, NI",KP096420.1;KY425656;IR100042,epmc_ft:50378;meta:1296,high,title=Ebola Virus Isolation Using Huh-7 Cells has Methodological Advantages and Similar Sensitiv
VI28,2024 (or recent),SARS-CoV-2,seq_yes,"or Medical and Biological Research Involving Human Subjects in Japan. Next-generation sequencing of the SARS-CoV-2 genome Whole genome sequences of SARS-CoV-2 isolates were obtained using a modified protocol based on The Wellcome Trust ARTIC Network protocol 16 ; however, several primers replace",MN908947.3;EPI_ISL_16174836;EPI_ISL_16913176;EPI_ISL_16174838;EPI_ISL_19167730;EPI_ISL_16913177;EPI_ISL_16174845;EPI_ISL_19167747,epmc_ft:57577,high,title=Improved efficacy of SARS-CoV-2 isolation from COVID-19 clinical specimens using VeroE6 ce
VI29,2014,Rabies virus (PV strain),seq_no,Rabies N protein culture extraction/purification; no isolate sequencing/genetic characterization,,epmc_ft:19189;meta:1934,medium,title=Cell culture extraction and purification of rabies virus nucleoprotein.
VI32,2020,FHV-1 (feline herpesvirus-1),seq_yes,Sequencing was performed by Macrogen... Nucleotide sequence analysis was performed based on the full TK and gB genes of the FHV191071 and FHV191072 isolates,,pdf:local_msi_VI32,high,Local R1 PDF; sequenced TK+gB of culture isolates (not whole genome; authors note entire genome not sequenced)
VI33,2023,MERS-CoV,seq_yes,0 10500840 10500840 37720473 10.3389/fvets.2023.1182165 Isolation and genetic characterization of MERS-CoV from dromedary camels in the United Arab Emirates Khalafalla Abdelmalik Ibrahim 1 * † Ishag Hassan Zackaria Ali 1 † Albalushi Hamdoon Ismail Abdulla 1 Al-Hammadi Zulaikha Mohamed Abdel-Ha,MN758606.1;MN654975.1;OQ423284;OQ423287;JX869059;OQ423283;OQ423285;OQ423286,epmc_ft:51429;meta:2206,high,title=Isolation and genetic characterization of MERS-CoV from dromedary camels in the United Ara
VI34,2024,CAV-2 (canine adenovirus type 2 variant),seq_yes,"The entire gene sequence of CAV2232 was determined using NGS. CAV2232 consists of 31,093 nucleotides",,pdf:local_msi_VI34,high,Local R1 PDF; NGS whole-genome of isolate CAV2232 + phylogenetic comparison to GenBank CAV refs
VI36,2023,CHIKV (chikungunya virus),seq_no,CHIKV genomic RNA was quantified by real-time RT-qPCR; no Sanger/NGS isolate genome characterization claimed,,pdf:local_msi_VI36,high,Local R1 PDF; vertical-transmission study; genome detection/quant by RT-qPCR only (PCR≠sequence under Step5 defs)
VI38,2022,SARS-CoV-2,seq_yes,"ulated based on this standard curve. Nucleotide sequence analysis The complete genome sequences of SARS-CoV-2-P2 and cell-adapted -P3, -P10, -P20, -P30, -P40, and -P50 strains were determined by the traditional Sanger method as described previously with some modifications [ 19 , 22 ]. Viral R",MZ930250;MZ930252;MZ930392;MZ930396;MZ995184;MZ995188,epmc_ft:65202,high,title=Trypsin enhances SARS-CoV-2 infection by facilitating viral entry.
VI39,~2025,Oita virus (rhabdovirus),seq_yes,". cornutus collected in the Katano Cave, Kagoshima Prefecture, Japan. Genetic analysis revealed >98% nucleotide identity with the previous isolate, OITV 296/1972. Phylogenetic analysis confirmed their classification within the Ledantevirus subgroup C. We assessed viral growth kinetics using 17",PX116046;PX116047,epmc_ft:46228,high,title=Oita virus rediscovered after 50 years: isolation of genetically conserved strains from ba
VI40,2022,RSV (respiratory syncytial virus),seq_yes,"RNA was isolated from cell lysates and prepared for and subjected to high-throughput short-read sequencing. (A) Relative mRNA levels are comparable across the four RSV strains tested. For each time point and each of 10 RSV genes, the average read depth across the gene’s coding sequence was divided by the",AI144297;CA125123;ES030285;RP150578;RP170719,epmc_ft:57417;meta:2003,high,title=Multiple Respiratory Syncytial Virus (RSV) Strains Infecting HEp-2 and A549 Cells Reveal C
VI41,2007,West Nile virus (small plaque variant),seq_yes,The complete genome of the SP variant was sequenced and compared to the consensus sequence of the parental WT; GenBank Accession No. EF530047,EF530047;EF657887,pdf:local_msi_VI41,high,Local R1 PDF; full-length SP variant genome + GenBank accessions
VI42,2006,VZV,seq_no,"VZV Jones clinical isolate propagated in MeWo; ORF29p localization study — protein homology only, no isolate sequencing/deposit",,pdf:97350;meta:1882,high,culture isolate used; no genetic characterization of isolate; title=The cellular localization pattern of Varicella-Zoster virus ORF29p is influenced by protea
VI43,2006,SARS-CoV,seq_no,BBRC 2006 persistent SARS-CoV infection signaling study (Akt/JNK/Bcl); Western/phosphorylation methods; no isolate genome sequencing,,pdf:local_msi_VI43_ocr,high,Encrypted PDF; OCR via pdftoppm+tesseract. Target article is Mizutani persistence paper. Same PDF file also contains adjacent journal articles mentioning genome sequencing—those were NOT coded as this ID.
VI44,2003,enteroviruses,seq_no,Enterovirus isolation from children with acute respiratory infections and presumptive ident,,meta:1433,low,seq_no_on_limited_text; title=Enterovirus isolation from children with acute respiratory infections and presumptive iden
VI45,2010,rabies,seq_no,Paper evaluates HEK-293 for rabies isolation (CPE/IF); intro notes isolation is required for genetic characterization but this study does not sequence isolates,,pdf:local_msi_VI45,high,Local R1 PDF; isolation/cell-line utility only; no sequencing/deposit claimed
VI46,1980,rabies,seq_no,Tissue Culture Technique for Routine Isolation of Street,,pdf:22192,high,title=Tissue culture technique for routine isolation of street strain rabies virus.
VI50,2025,HAdV (human adenovirus),seq_yes,"oid larynx carcinoma cell line (Hep2) for HAdV isolation, followed by whole-genome sequencing (WGS) using the MiSeq platform. Maximum likelihood (ML) phylogenetic trees for the whole genome, hexon, penton base and fiber genes were constructed using IQ-TREE v2.3.6 software. Amino acid variatio",OQ518322.1;OR777202.1;MH921843.1;MT367401.1;MW816101;NC_011202;AY803294.1;AY601636.1,epmc_ft:64812;local:789;meta:3786,high,title=Molecular characteristics of human adenovirus isolated from the 2024 influenza-like illnes
VI51,2026,bovine enterovirus,seq_yes,"cattle in Hechi, Guangxi, China and propagated in BHK-21 cells. Full-genome sequencing and phylogenetic analyses classified GXHC2317 as Enterovirus E genotype 3, and recombination analyses indicated a mosaic genome with regions related to both northern and local Chinese lineages. To en",PP066062,epmc_ft:58717;local:9553;meta:1839,high,title=Construction of a reverse genetics and fluorescent reporter system for a bovine enteroviru
VI52,2026,herpes B virus (Macacine alphaherpesvirus 1),seq_yes,"mission electron microscopy confirmed typical herpesvirus morphology. Whole-genome sequencing achieved deep coverage (∼20,974×) and revealed 98.4% identity to a reference strain (E90–136) from captive long-tailed macaques. Phylogenetic analyses of 12 envelope glycoproteins demonstrated host-a",KJ566591.2;KY628984.1;KY628974.1;KY628981.1;KY628976.1;KY628975.1;KY628979.1;KY628977.1,epmc_ft:57138;local:4803;meta:2100,high,title=Comprehensive genomic characterization of herpes B virus isolated from a wild long-tailed 
VI53,2026,BVDV,seq_yes,"lated and identified from a cattle herd in Hebei Province, China. The complete genome of the newly isolated strain was subjected to phylogenetic analysis, recombination analysis, and sequence analysis of the E2 region. Furthermore, its pathogenicity was evaluated in BALB/c mice. Keywords",PV626360.1;KP941589.1,epmc_ft:49792;local:4212;meta:1829,high,title=Molecular Characteristics and Pathogenicity Analysis of Bovine Viral Diarrhea Virus Strain
VI54,2024,enteroviruses (wastewater),seq_yes,"e additional cell lines were piloted in a small-scale experiment, and next-generation sequencing (NGS) was used for the identification of any EV types. Human lung fibroblast cells (HLF) were selected based on their ability to isolate EV-A genus. Sewage concentrates collected between 2020–2021 we",OL955504;OL955505;OL955506;OL955507;OL955508;OL955509;OL955510;OL955511,epmc_ft:44796;local:803;meta:2705,high,title=Molecular epidemiology of enteroviruses from Guatemalan wastewater isolated from human lun
VI55,2026,Orthobunyavirus (novel),seq_yes,"c of the Peribunyaviridae family, consisting of S, M, and L segments. Phylogenetic analysis further demonstrated that CNG01 is closely related to known strains such as YG-3/P/98, VRC 713423-2, cs655, and JaNAr 28 s. Nucleotide homology analysis revealed that its L and S segments were most s",PQ463299;PQ463300;PQ463301,epmc_ft:31960;local:2947;meta:1505,high,title=Molecular identification and cross-species transmission effects analysis of a novel Orthob
VI56,2025,sarbecoviruses (bat),seq_yes,to various Vero cell derivatives to isolate sarbecoviruses. The virus genomes were sequenced and subjected to phylogenetic analyses. Viral replication was assessed in vitro. Cross-species potential was evaluated in vivo through experimental infection in Syrian hamsters. Results Six and three,PV648369;PV648370;PV648371;PV648372;PV648373;PV648374;PV648366;PV648367,epmc_ft:35449;local:1859;meta:2680,high,title=Genetic diversity of sarbecoviruses isolated from microbats in Southern Japan.
VI57,2025,insect-specific flavivirus (lineage I),seq_yes,Apr 24; Collection date 2025. Data Availability Quang Binh virus full genome sequences have been deposited in GenBank under accession numbers PV010628–PV010630 . Quang Binh virus partial NS5 sequences have been deposited in GenBank under accession numbers PV010631–PV010635 . Introduct,PV010628;PV010630;PV010631;PV010635;KC464457.1;AB981186.1;PV010632;PV010633,epmc_ft:70482;local:9685;meta:1924,high,title=Spatiotemporal prevalence and characterization of the lineage I insect-specific flavivirus
VI58,2024,Japanese encephalitis virus (JEV),seq_yes,volved in persistent JEV infection by analyzing the pathogenicity and genome sequences of a virus isolated from a persistent infection model. We established persistent JEV infections in cells by inoculating mouse fetus primary cell cultures with the Beijing-1 strain of JEV and then pe,,epmc_ft:24345;local:2198;meta:1838,high,title=Characterization of Japanese Encephalitis Virus Isolated from Persistently Infected Mouse 
VI59,2026,BVDV-1c,seq_yes,"Darby Bovine Kidney (MDBK) cells and confirmed by RT-PCR, followed by whole-genome sequencing of the isolate, which was designated QH PSYL 2026. Phylogenetic analysis based on the full-length genome and 5′UTR sequences assigned the isolate to the BVDV-1c subgenotype. Notably, its 5′UTR sequen",KF896608.0;MT002667;ON337882.1;MT079816.1;KF896608.1;MT002667.1,epmc_ft:57483;local:8031;meta:2630,high,title=First Isolation and Genomic Characterization of BVDV-1c in Przewalski's Gazelle (&lt;i&gt;
VI60,2025,PIV5 (parainfluenza virus 5),seq_yes,"34234 12434234 40305934 10.1016/j.psj.2025.105177 First isolation and phylogenetic analysis of Parainfluenza Virus 5 from Geese Huang Manzi a Tao Luo b Zha Boqian a Zeng Qinghua a Hu Ying a Guo Xiaoquan a Liu Ping a Gao Xiaona a Wu Huansheng a ⁎ a College of Animal Science and Technology, J",MT890700;MT890699;MT890698;MT890697;MT890696;MW051776;MK028670;OK505006,epmc_ft:29954;local:2609;meta:989,high,title=First isolation and phylogenetic analysis of Parainfluenza Virus 5 from Geese.
VI61,2024,bat Jeilongvirus,seq_yes,"ulture infectious dose (TCID 50 ) assay for each cell line. 2.4. Full Genome Sequencing Supernatant obtained from cells infected with our isolates was filtered with a 0.2-µm pore membrane (Sartorius) and ultracentrifuged (Himac CS 120GX) at 24,000 rpm, 4°C, for 2 h with a sucrose cushio",PP990581;PP990582,epmc_ft:39777;local:4056;meta:1881,high,title=The First Isolation and Characterization of Bat Jeilongviruses in Japan.
VI62,2025,human adenovirus,seq_yes,"tive samples. The adenovirus type was subsequently identified through sequence analysis of a segment (approximately 460 base pairs) of the hexon gene, which encodes the adenovirus capsid protein [ 8 ]. 3. Establishment of Viral Culture Conditions and Sample Culture HAdV types 3, 5, and 7 w",,epmc_ft:25232;local:1432;meta:1591,high,title=Optimization of Cell Culture for Human Adenovirus Isolation and Propagation.
VI63,2026,PRRSV-1 and PRRSV-2,seq_yes,"re isolated from a single sow farm experiencing reproductive failure. Genetic analysis revealed that AHB1 shared 81.6%-83.6% nucleotide identity with subtype 1 strains of PRRSV 1 and clustered within a new evolutionary branch, characterized by a continuous 54-amino acid deletion in nsp2 and 1-a",PP068352;PP053521,epmc_ft:56216;local:6259;meta:1624,high,title=Characterization and pathogenicity of single-farm-isolated PRRSV 1 and PRRSV 2 strain in C
VI64,2025,HAdV-55,seq_yes,iral isolation and cultured with MRC-5 cells. These strains were then whole-genome sequenced to investigate their genetic characteristics by phylogenetic analyses. We then selected three HAdV-55 strains to quantify viral replication and further assessed the pathogenic characteristics of one,PP002032,epmc_ft:60759;local:925;meta:2038,high,"title=Isolation, genetic, and biological characterization of human adenovirus type 55 positive i"
VI65,2026,mumps virus,seq_yes,BMC PMC12918529 12918529 12918529 41593743 10.1186/s12985-026-03073-w Molecular characterization of mumps viruses from the 2022–2023 outbreak reveals circulation of multiple genotypes in Uganda Tushabe Phionah 1 ✉ # Turyahabwe Irene 1 # Bukenya Henry 1 Eliku James Peter 1 Aine Francis 1 Gaizi Jo,PX126613;PX126612;PX126609;PX126611;PX126610;PX126622;PX126620;PX126619,epmc_ft:31128;local:1518;meta:2034,high,title=Molecular characterization of mumps viruses from the 2022-2023 outbreak reveals circulatio
VI66,2026,fowl adenovirus (FAdV),seq_yes,d layer chickens for viral isolation in LMH cell cultures. Subsequent phylogenetic analysis was conducted based on DNA sequencing and bioinformatics data to determine the genetic relationships of the isolated virus. Pathogenicity trials were performed on specific-pathogen-free (SPF) chicken,KT862810;OK188966;MK387061;OR901942;PZ325483,epmc_ft:41183;local:3407;meta:1744,high,"title=Isolation, Characterization, and Pathogenicity of a Novel Recombinant Fowl Adenovirus 8a S"
VI67,2026,bovine enterovirus genotype F,seq_yes,"late showed typical enterovirus morphology under electron microscopy. Phylogenetic analysis showed that this strain exhibits the closest genetic relationship with the HeN-YR91 and JPN/TottoriU-31 strains, and all three belong to the BEV-F1 genosubtype. Subsequently, comprehensive investigat",PV290163.1;PV290163;MN598018.1;LC081216.1;DQ092770.1;ON986122.1;DQ092795.1;LC150010.1,epmc_ft:44786;local:10433;meta:2207,high,title=Isolation and identification of a genotype F bovine enterovirus in western China.
VI68,2025,camelpox virus,seq_yes,7-01229 1 Article Camelpox Virus in Western Kazakhstan: Isolation and Phylogenetic Analysis of a New Strain https://orcid.org/0000-0001-8543-4219 Bulatov Yerbol Conceptualization Project administration Writing – review & editing Validation Writing – original draft Supervision 1 https://orci,PV920573.1;KP768318.1;AY009089.1;MZ300859.1;MZ300856.1;MZ300860.1;MZ300858.1;MZ300857.1,epmc_ft:44434;local:943;meta:1630,high,title=Camelpox Virus in Western Kazakhstan: Isolation and Phylogenetic Analysis of a New Strain.
VI69,2024,African swine fever virus (ASFV),seq_yes,"othesis, our future investigations will focus on analyzing the entire genome sequence of passaged ASFV with the aim of verifying any genomic alterations that may occur during passage in CAS-01 cells and also performing vaccine studies including cellular, humoral immune response and pr",,epmc_ft:46040;local:1845;meta:1901,high,title=CA-CAS-01-A: A Permissive Cell Line for Isolation and Live Attenuated Vaccine Development 
VI70,2025,fowl adenovirus,seq_yes,"ied three times in LMH cells using the limiting dilution method. 2.4. Phylogenetic Analysis To investigate the evolutionary relationships of DAdV-3 SD2019 with other adenoviruses, the Hexon gene sequence of SD2019 was compared with those of 31 strains retrieved from the NCBI database, and t",,epmc_ft:37536;local:3733;meta:1209,high,title=The Isolation and Construction of an Infectious Clone for a Duck Adenovirus Type 3 Strain.
VI71,2024,poliovirus (Sabin type 1 D-antigen assays),seq_yes,"The origin, month of detection, % nucleotide divergence and the NCBI GenBank accession codes for all VP1 sequences of the 11 cVDPV2s & 68 aVDPV2s isolated from sewage in 2021 are shown in Tables 2 and 3 , respectively. Table 2 Details of circulating vaccine derived poliovirus (cVDPVs)",OR345204;OR345205;OR345207;OR345208;OR345209;OR345210;OR345206;OR345211,epmc_ft:53453;local:1936;meta:2912,high,title=Monitoring the VDPV2 outbreak in Egypt during 2020-2021 highlights the crucial role of env
VI72,2026,SARS-CoV-2,seq_yes,The SARS-CoV-2 variants were identified by sequencing the spike gene and comparing them with the WHO list of variants of concern,,epmc_ft:46433;local:2785;meta:1918,high,"spike gene sequencing of culture isolates; title=Dose-dependent antiviral effects of glycyrrhizin, curcumin, and harmaline against clinical"
VI73,2025,HSV-1,seq_unclear,"otParam is a reliable and widely used tool for calculating various parameters of proteins, based on sequences. In this study, the molecular weight and theoretical isoelectric point (pI) of each target protein were computed by inputting their sequences into the tool. Native PAGE. To ensure the preservation of the structural and functional integrity of membrane-associated proteins includ",,epmc_ft:32671;local:1431;meta:2144,medium,title=Optimized isolation and purification of native glycoprotein B from herpes simplex virus 1:
VI74,2025,DENV (C6/36 standardization),seq_unclear,"s were performed using primers and a TaqMan probe targeting a highly conserved region of the DENV-2 genome, as previously described in subsection 4.4. Reactions were carried out on a QIAquant real-time PCR system (Qiagen, Germany). Cycle threshold (Ct) values obtained for each dilution were used to construct the standard curve. Reaction efficiency was calculated from the slope of the",,epmc_ft:37750;local:4871;meta:1643,medium,"title=Standardization of C6/36 cells for DENV-2 virological assays: isolation, TCID₅₀ and serum "
VI75,2025,mosquito-borne alphaviruses (Zambia),seq_yes,8-days post infection but was unable to replicate in mammalian cells. Phylogenetic analysis revealed the Zambian SINV (strain zmq17_M115) belongs in Clade D of SINV Genotype 1 along with the Kenyan isolate BONI 584 from Central Africa. The growth of the SINV zmq17_M115 was comparable to tha,LC869669;LC869668;NC_018615;KY616987;NC_001547;LC361437.1;KY616985.1;KY616987.1,epmc_ft:37691;local:1161;meta:1753,high,title=Mosquito-borne alphaviruses in Zambia: Isolation and characterization of Eilat and Sindbis
VI76,2026,covert mortality nodavirus (CMNV),seq_yes,"ive mutations during its propagation in ZF4 cells, we plan to perform whole-genome sequencing on the virus harvested from P3 ZF4 cultures. This analysis will help elucidate the molecular basis by which CMNV establishes sustained replication in cell lines that do not exhibit obvious CPE. The a",,epmc_ft:49792;local:5112;meta:1854,high,title=Insect and fish cell lines support replication and serial passage of covert mortality noda
VI77,2024,PDCoV (porcine deltacoronavirus),seq_yes,"iangsu provinces. Immunofluorescence assays, electron microscopy, and genome sequencing were performed. Genome analysis revealed that both PDCoV strains belonged to the Chinese lineage, exhibiting amino acid mutations in the S1 region compared to other strains within the lineage. Amino",,epmc_ft:52711;local:10974;meta:2255,high,title=Genomic characterization and tissue tropism variations of two porcine delta coronavirus st
VI78,2026,FAdV-4,seq_yes,"55/tbed/6535858 TBED6535858 1 Research Article Article Prevalence and Molecular Characterization of FAdV‐4 Isolated in Fujian Province, Southeast China During 2023–2025 Chen Youlin 1 Wang Ziyue 1 Bai Dingping 2 Chen Zhen 1 Chen Cuiteng 1 Cai Xi 1 Fu Guanghua https://orcid.org/0009-0004-9579-9691",PZ516804;PZ516805;PZ516810;PZ516806;PZ516807;PZ516808;PZ516809;HE608152,epmc_ft:61552;local:1469;meta:3050,high,"title=Prevalence and Molecular Characterization of FAdV-4 Isolated in Fujian Province, Southeast"
VI79,2025,RSV,seq_yes,"and expressed as the 50% tissue culture infectious dose (TCID₅₀/mL). Sanger sequencing targeting the G gene on the purified viral RNA was performed, as described [ 22 ], and the obtained sequences were aligned with that of the 40G-A clinical sample [ 19 ] and to ON1 reference sequences",EPI_ISL_412866,epmc_ft:44769;local:11187;meta:1419,high,title=Kinetics and characterization of extracellular vesicle release from cells infected with a 
VI80,2026,H3NX avian influenza,seq_yes,"drive future spillover events. Keywords: Avian influenza virus, H3NX, Phylogenetic analysis, Receptor binding, Public health status released display-pdf yes is-olf no is-manuscript no is-preprint no is-journal-matter no is-scanned no is-retracted no Received 2026 Jan 13; Accepted 2026 Mar 2",,epmc_ft:58598;local:1440;meta:2049,high,title=Surveillance and cross-species transmission assessment of H3NX avian influenza viruses iso
VI81,2026,FAdV,seq_yes,"using fluorescence microscopy (ZEISS, Germany). PCR amplification and phylogenetic analysis of hexon genes For further characterization, viral DNA was extracted from the new FAdV-C isolate-infected LMH cells using the TaKaRa MiniBEST Universal Genomic DNA Extraction Kit Ver.5.0 (TaKaRa, Jap",PX092839;PX092840;PX092841;PX092842;PQ058675,epmc_ft:60027;local:3023;meta:2025,high,title=Outbreak of FAdV-4 infection in blue-breasted quail (Excalfactoria chinensis) reveals nove
VI82,2025,nervous necrosis virus (NNV),seq_yes,sformed into DH5 α competent cells (NZYTech). Three individual clones were sequenced using pJET fw/rv primers (provided by the kit) to determine the sequence of 5′ and 3′ ends. Nucleotide sequences were aligned with the strains of the reference genotypes (SGWak97 for RNA1 and SJNag93,ON745747;ON745751;ON745748;ON745752;ON745749;ON745753;ON745750;ON745754,epmc_ft:44691;local:3576;meta:2456,high,title=Genomic Differences Between Nervous Necrosis Virus (NNV) Reassortants Isolated From Wild a
VI83,2025,CPV-2c (canine parvovirus),seq_yes,3062 13163062 42121821 10.3390/ani16091402 animals-16-01402 1 Article Molecular Characterization of Representative CPV-2c Isolates and Establishment of VP2-Targeted Nanobody-Based Immunodetection Tools Liu Liangkai Writing – original draft Validation Investigation Data curation Formal analysis M,PX843424;PX843431;MW650830;MF001435;OR399582;ON322797,epmc_ft:53746;local:4542;meta:2129,high,title=Molecular Characterization of Representative CPV-2c Isolates and Establishment of VP2-Targ
VI84,2025,porcine teschovirus 2 (PTV-2),seq_yes,"al growth kinetics and characteristics were evaluated in PK-15 cells. High-throughput sequencing facilitated the acquisition of the complete viral genome, and subsequent phylogenetic analysis and full-genome alignment identified the strain as belonging to the PTV 2 genotype. Further investigatio",PQ358532.1;MF967586;OM281048;MF170908;MF170927;MF170937;MF170929;AF296092,epmc_ft:61722;local:4168;meta:2182,high,title=Isolation and Characterization of a Novel Porcine Teschovirus 2 Strain: Incomplete PERK-Me
VI85,2025,feline astrovirus,seq_yes,"yzed by 1% agarose gel electrophoresis and the 2,438-bp ORF2 fragment was sequenced by Tsingke Biotech (Beijing, China). 2.4. Phylogenetic analyses Full-length ORF2 nucleotide sequences of FeAstV strains were obtained from GenBank and aligned with the isolate from this study using C",PV847578;MH253864.1;MH253866.1;OQ535512;MH253864;MH253866,epmc_ft:48189;local:9917;meta:1552,high,title=Isolation and preliminary pathogenicity of a recent feline astrovirus strain in China.
VI86,2026,Duck Tembusu virus (DTMUV),seq_yes,"43190 10.3390/v18040400 Epidemiological Investigation and Partial NS5 Sequence Analysis of Duck Tembusu Virus in Several Regions of China in 2024 Li Wenxin Conceptualization, Validation, Investigation, Data curation, Writing – original draft, Writing – review & editing, Project administrat",MT447092.1;PX421573;PX453337;PX453338;PX453339;PX453340;PX453341;PX453342,epmc_ft:40068;local:590;meta:1666,high,title=Epidemiological Investigation and Partial NS5 Sequence Analysis of Duck Tembusu Virus in S
VI87,2025,novel duck orbivirus,seq_yes,"a JEOL-1200E TEM, with images captured using a MORADA-G2 camera. 2.5. Genome Sequencing and Phylogenetic Analysis The cells infected with NDORV were collected and subjected to one freeze–thaw cycle, followed by centrifugation at 10,000 × g for 20 min. The clarified supernatant was sent",PV797989;PV797998,epmc_ft:40968;local:1472;meta:1716,high,"title=Isolation, Genomic Characterization, and Pathogenicity of a Novel Duck Orbivirus Genetical"
VI88,2025,vaccine-like recombinant virus (cellular tropism study),seq_yes,".1 12688635 12688635 41377111 10.1155/tbed/2900359 1 Research Article Phylogenetic Analysis, Morphological Characteristics, and Cellular Tropism of Vaccine-Like Recombinant Strains of Lumpy Skin Disease Virus in China Gong Zuxin 1 Li Jinming 2 Zou Yanli 2 Dai Jiaqi 1 Liu Shan 2 Li Lin 2 Fen",ON616408.1;PQ682462.1;PQ682461.1;OR194148;OR797612;MT992618;MN072621;MN636841,epmc_ft:57492;local:797;meta:2050,high,"title=Phylogenetic Analysis, Morphological Characteristics, and Cellular Tropism of Vaccine-Like"
VI89,2025,FHV-1 (MLV strain F2 clinical re-isolation),seq_yes,"ates with nucleotide variants of the F2 strain were then subjected to next-generation sequencing to determine their full genome sequences, which were compared with all ORF sequences of the three F2 strains. Results Analysis of ORF sequences for simplified genotyping of F2 strains detected a sing",NC_013590;KR296657;KR381803;OL410296;LC820743;LC820750;LC820746;LC820747,epmc_ft:33923;local:777;meta:2221,high,title=Isolation of the feline herpesvirus-1 modified live vaccine strain F2 from one of four cat
VI90,2025,HSV-2 (primary clinical isolate),seq_yes,"scarnet. The isolates were analyzed phenotypically and genotypically (Sanger sequencing of viral thymidine kinase and DNA polymerase genes). Viral clone isolations, deep sequencing, viral growth kinetics, and dual infection competition assays were performed retrospectively to assess vir",OM370995.1,epmc_ft:48736;local:924;meta:2252,high,title=Primary HSV-2 Infection in an Immunocompromised Patient Reveals High Diversity of Drug-Res
VI91,2021,RSV / measles (secondary infection methods),seq_yes,"A assay (Invitrogen Life Tech, Carlsbad, CA, United States). Illumina next-generation sequencing (NGS) libraries were constructed using a TruSeq ® small RNA library (Illumina, San Diego, CA, United States). Briefly, small RNA from mock-treated SHS cells ( n = 2/group), or RSV- or MeV-infected SH",IE140652,epmc_ft:58416;local:9383;meta:1088,high,title=Small Non-coding RNA Expression Following Respiratory Syncytial Virus or Measles Virus Inf
VI92,2026,DENV (antiviral NDGA study),seq_unclear,"irst hours of infection, the viral uncoating process is crucial, involving the release of the viral genome from the endosomes into the cytoplasm [ 33 , 34 ]. Following internalization via clathrin-dependent endocytosis [ 35 – 37 ], the trafficking of viral particles from early to late endosomes is critically dependent on the integrity of the cellular microtubule (MT) network [ 37 ].",,epmc_ft:62563;local:3265;meta:1769,medium,title=Mechanistic characterization of the antiviral effects of nordihydroguaiaretic acid against
VI93,2026,DENV-2,seq_yes,,HA722023,epmc_ft:57840;local:4289;meta:2243,high,title=Inhibition of dengue virus type 2 by hypericin mediated through viral envelope protein int
VI94,2025,PDCoV-related viruses (house sparrows),seq_yes,"0% (36/200) and 5.5% (11/200) of fecal samples, respectively. Genomic sequence analysis of representative samples revealed that SpDCoVs are closely related to, but not direct ancestors of, PDCoVs. These SpDCoVs appear to be widespread in the U.S. Midwest and may contribute to PDCoV evoluti",MZ291567.1;LC364345;EU022526;PV691851;PV935252;KP757890;KT336560;OQ102159,epmc_ft:50447;local:3161;meta:1796,high,title=Porcine Deltacoronavirus-Related Viruses in House Sparrows.
VI99,2020,PEDV (coronavirus HLJBY),seq_yes,"genomic sequence, HLJBY strain, open reading frame 3, phylogenetic analysis, porcine epidemic diarrhoea virus, S protein Transbound Emerg Dis. 2019;00:1–15. wileyonlinelibrary.com/journal/tbed",KP403802.1;AF353511.1;KY486714.1;KX839247.1;KU646831.1;JX188454.1;MF807952.1;JN825712.1,local:116178;meta:2600,medium,title=Characterization and evolution of the coronavirus porcine epidemic diarrhoea virus HLJBY i
VI105,1996,rhinovirus (HRV; HEL vs HeLa susceptibility),seq_no,Rhinovirus cell susceptibility study; no sequencing/genetic characterization in full text,,local:113188;meta:1550,medium,local fulltext; title=Comparative susceptibilities of human embryonic fibroblasts and HeLa cells for isolation o
VI109,1983,rabies (street/fixed),seq_no,Kidney Cells with Established Cell Lines for Isolation and,,local:79060;meta:1219,medium,title=Comparison of primary skunk brain and kidney and raccoon kidney cells with established cel
VI110,1980,parainfluenza,seq_no,Parainfluenza Virus Isolation Enhancement Utilizing a,,local:57958;meta:575,medium,title=Parainfluenza virus isolation enhancement utilizing a portable cell culture system in the 
VI111,1981,Crohn disease inoculum CPE study (viral culture),seq_no,Cytopathic effects in cultures inoculated with,,local:43736;meta:1251,medium,title=Cytopathic effects in cultures inoculated with material from Crohn's disease.
VI112,1984,HAV,seq_no,Primary Isolation and Serial Passage of Hepatitis A Virus Strains in,,local:186520;meta:2108,medium,title=Primary isolation and serial passage of hepatitis A virus strains in primate cell cultures
VI115,1988,CMV,seq_unclear,"s with CMV in AIDS patients can occur, but the isolation of strains exhibiting major differences in genome structure seen by restriction enzyme analysis was uncommon. INTRODUCTION The sexual transmission of human cytomegalovirus (CMV) has been well described (Chretien, McGinniss & Muller, 1977; Hands",,local:67588;meta:1570,medium,title=Characterization of cytomegalovirus isolates from patients with AIDS by DNA restriction an
VI118,1984,HSV,seq_no,Evaluation of the Virocult Transport Tube for Isolation of Herpes,,local:81000;meta:960,medium,title=Evaluation of the virocult transport tube for isolation of herpes simplex virus from clini
VI121,1971,adenovirus types 4 and 7; coxsackievirus A21,seq_no,Immunofluorescence: Isolation and Identification,,local:200450;meta:1300,medium,title=Rapid identification of viruses by indirect immunofluorescence: isolation and identificati
VI200,1999,enteroviruses (groundwater concentrates),seq_unclear,"pecific primers identified 18 of 130 samples (13.8%) that were positive for rotavirus RNA sequences. Our sample- processing technique and large-volume PCR protocol (reaction volume, 300 ml) resulted in sufficient removal or dilution of inhibitors so that more than 95% of the samples could be",,pdf:58212;local:5624;meta:2562,medium,title=A strategy for detection of viruses in groundwater by PCR.
VI201,2003,TGEV,seq_yes,", Vaughn and Paul, 1993 , Paton and Lowings, 1997 ). Based on partial sequence analysis of S glycoprotein gene, TGEV strains isolated in Korea were different from foreign TGEV isolates ( Kwon et al., 1998 ). The purpose of the present study was to genetically characterize TGEV strains (KT2",AF481360;AF481361;AF481362;AF481365;AF481366,epmc_ft:29976;local:704;meta:2057,high,title=Partial sequence of the spike glycoprotein gene of transmissible gastroenteritis viruses i
VI202,1991,TGEV,seq_no,ogenates. Transmissible gastroenteritis virus was isolated from 2 of these piglets and all,,pdf:29024;local:573;meta:1604,high,title=Oral transmission of transmissible gastroenteritis virus by muscle and lymph node from sla
VI203,2002,HSV (shell vial),seq_unclear,"cal investigations (PCR and viral antigen detection positive, n = 15, PCR positive, n = 1, Viral antigen positive, n = 1). Scrapings obtained from 10 patients with infectious keratitis of non-viral origin were included as controls. All the scrapings were simultaneously inoculated i",,epmc_ft:21036;local:3232;meta:2397,medium,PCR_without_clear_sequence; title=Comparison of an immortalized human corneal epithelial cell line with Vero cells in the is
VI204,2002,HSV; HCMV,seq_no,"e recently assessed for activity against clinical isolates of Herpes I and Herpes II in vitro [ 16 , 17 ]. Twenty of the viral",,epmc_ft:28577;local:572;meta:1665,high,"title=GFS, a preparation of Tasmanian Undaria pinnatifida is associated with healing and inhibit"
VI205,2004,HSV-1 SC16; HSV-2 G,seq_yes,"(14/14) irrespective of antibody class or subclass (data not shown). PCR products were sequenced directly to facilitate design of new primer sets allowing, on re-amplification of hybridoma cDNAs, elimination of degenerate primer sequences introduced in the first reaction and introduction of 2/3",,epmc_ft:42483;local:575;meta:2140,high,title=Prevention of genital herpes in a guinea pig model using a glycoprotein D-specific single 
VI206,1978,measles (SSPE vs wild-type),seq_no,virulence in ferrets and biological properties in cell cultures 1 9 1978 148 3 158524 674 691 01 03 1979 17 04 2008 21 10 2019 https,,epmc_ft:65757;local:5574;meta:2346,high,title=Comparison of wild-type and subacute sclerosing panencephalitis strains of measles virus. 
VI208,1988,human rhinovirus,seq_no,power fields attracted by medium from uninfected cell cultures (P < .0001). Elaboration,,pdf:31066;local:3831;meta:1286,high,title=Rhinovirus infection of human embryonic lung fibroblasts induces the production of a chemo
VI209,1975,IBR/BHV-1,seq_no,The sensitivity of 12 field isolates of infectious bovine rhinotracheitis (IBR),,pdf:20799;local:901;meta:1082,high,title=Sensitivity of infectious bovine rhinotracheitis virus to ether.
VI210,1982,rat coronavirus (sialodacryoadenitis-related),seq_no,1007/BF01341725 Characterization of a coronavirus isolated from rats with sialoadenitis Maru M 1 Sato K 1 1 Shionogi Research L,,epmc_ft:6444;pdf:36017;local:1322;meta:1563,high,title=Characterization of a coronavirus isolated from rats with sialoadenitis.
VI211,1969,human coronavirus 229E / related coronaviruses,seq_unclear,"ther- and acid-labile and, as their replication is not in- hibited b y BUDR, probably have an R N A genome. I t has been suggested (Nature 220, 1968) t h a t these viruses belong to a single biological group. All but one of the strains of the human respiratory viruses of this group were first isolated in organ cultures of h",,epmc_ft:4341;pdf:52881;local:2593;meta:208,medium,"title=The propagation of ""coronaviruses"" in tissue-culture."
VI212,1984,enteroviruses (faecal isolation),seq_no,Isolation and Identification of Enteroviruses,,pdf:23429;local:2418;meta:1008,high,title=Isolation and identification of enteroviruses from faecal samples in a differentiated epit
VI214,1984,human respiratory coronavirus,seq_unclear,"ported but may prove rewarding in defining the antigenic diversity of the strains. Similarly, genome analysis aided by the use of restriction enzymes may also help to establish the inter-relationships of these viruses. ACKNOWLEDGMENTS Many thanks are due to Dr. J.W. Craig, Dr. John Wallace, and Mrs. M. Andrews for care of volunteers and all cli",,pdf:37113;local:426;meta:1855,medium,title=The behaviour of recent isolates of human respiratory coronavirus in vitro and in voluntee
VI215,2004,ISAV,seq_no,"ISAV real-time RT-PCR method paper; detection assay, not isolate genome characterization",,epmc_ft:46964;local:4866;meta:2336,high,title=Detection of infectious salmon anaemia virus by real-time RT-PCR.
VI216,2004,SARS-CoV 2003VA2774,seq_yes,"Ruan YJ , Wei CL , Ee AL , Vega VB , Thoreau H , Su ST , Comparative full length genome sequence analysis of 14 SARS coronavirus isolates and common mutations associated with putative origins of infection. [Erratum in: Lancet 2003;361:1832] . Lancet . 2003 ; 361 : 1779 – 85 . 10.1016/S0140-6736(",,epmc_ft:30845;local:938;meta:1179,high,title=Inhibition of SARS coronavirus infection in vitro with clinically approved antiviral drugs
VI217,2003,PIV-3; PRCV,seq_unclear,"tion of the proteins. Although the single peptides were not isolated, our results show that peptide sequences with antiviral activity are present in the proteins investigated. Many of the pools tested were able to limit the virus spread after infection of Vero cells by HSV-1. However, most of the pools were toxic to different extents for Vero cells when incubated for 48 h. The importan",,epmc_ft:48876;local:3875;meta:1854,medium,title=The antiviral activity of naturally occurring proteins and their peptide fragments after c
VI218,1998,enteroviruses; adenoviruses,seq_no,with Conventional Virus Isolation Method,,pdf:42819;local:1135;meta:2681,high,title=Rapid shell vial culture technique for detection of enteroviruses and adenoviruses in feca
VI219,2000,PEDV,seq_no,8-1135(99)00199-6 S0378-1135(99)00199-6 1 Article Isolation of porcine epidemic diarrhea virus in porcine cell cultures and exper,,epmc_ft:22225;local:5433;meta:1851,high,title=Isolation of porcine epidemic diarrhea virus in porcine cell cultures and experimental inf
VI220,1989,JEV; YFV (glycoprotein study),seq_yes,5-9203(74)90152-7 Wengler G. Castle E. Leidner U. Nowak T. Wengler G. Sequence analysis of the membrane protein V3 of the flavivirus West Nile virus and of its gene Virology 147 1985 264 274 3855247 10.1016/0042-6822(85)90129-1 Westaway E. Replication of flaviviruses Schlesinger R.W. The T,,epmc_ft:12652;local:2432;meta:1958,high,title=Maturation of Japanese encephalitis virus glycoproteins produced by infected mammalian and
VI221,1965,myxovirus (infectious hepatitis study),seq_no,OVERED FROM PATIENTS WITH INFECTIOUS HEPATITIS I. ISOLATION AND CHARACTERIZATION Liebhaber Harvey 1 Krugman Saul 1 McGregor Dorot,,epmc_ft:5076;local:5667;meta:726,high,title=Studies of a myxovirus recovered from patients with infectious hepatitis.
VI222,1970,Chikungunya virus,seq_no,d introduced onto uninfected cell monolayers. All cell cultures were t,,local:7849;meta:536,medium,title=Chikungunya virus infection of cell monolayers by cell-to-cell and extracellular transmiss
VI223,1983,rabies (street strain),seq_no,NA and CER cells for primary isolation. This medium (G-MEM supplemented with 10% fetal study was undertaken,,local:2262;meta:890,medium,title=Comparison of primary skunk brain and kidney and raccoon kidney cells with established cel
VI224,1989,FIPV (DF2),seq_no,984 34 592 597 6097763 3. Burge BW Pfefferkorn ER Isolation and characterization of conditional-lethal mutants of sindbis virus V,,epmc_ft:7596;local:574;meta:1513,high,title=Characterization of a temperature sensitive feline infectious peritonitis coronavirus.
VI225,1968,parainfluenza 1-3; SV5,seq_no,Three cell cultures were maintained in MEM with 2 per cent bovine serum for the virus is,,meta:288,low,seq_no_on_limited_text
VI226,1972,measles SSPE (brain biopsy),seq_no,No sequencing/GenBank/genome characterization found in available text,,meta:254,low,seq_no_on_limited_text
VI227,2004,IBDV,seq_no,No sequencing/GenBank/genome characterization found in available text,,meta:322,low,seq_no_on_limited_text
VI228,1997,PRRSV (EDRD-1),seq_no,No sequencing/GenBank/genome characterization found in available text,,meta:253,low,seq_no_on_limited_text
VI229,1997,PRRSV (EDRD-1),seq_no,No sequencing/GenBank/genome characterization found in available text,,meta:508,low,seq_no_on_limited_text
VI230,1982,influenza A/B (clinical NPA isolation),seq_no,"tamine, antibiotics, and The isolation of influenza viruses from 416 NPA 5-10%o fetal calf serum (FCS) and w",,local:625;meta:959,medium,title=Influenza surveillance: alternative laboratory techniques for a developing country.
VI231,1973,California encephalitis virus,seq_unclear,"difference ob- inactivated newborn calf serum 5%, 1% of tained in these phylogenetically diverse a 1.4% sodium bicarbonate solution, all in systems. The utility of the suckling mouse Hanks’ BSS. Cells were cultivated at 30°C. brain system in the study of the morphology For maint.enance, the serum content was re- of v",,epmc_ft:6689;pdf:53379;local:3375;meta:307,medium,title=Aspects of the developmental morphology of California encephalitis virus in cultured verte
VI232,2005,WNV (3356); flavivirus assays,seq_yes,"assays were performed by direct addition of the PMOs to cell culture accession number AF404756), resulting in RlucWN virus (Fig. 3A). The RlucWN medium (described above) without changing the FBS concentration. cDNA plasmid was prepared by swapping the SpeI-SacII fragment (nt 8,022 to",AF404756;CQ897117,pdf:80095;local:7259;meta:2349,high,title=Inhibition of flavivirus infections by antisense oligomers specifically suppressing viral 
VI234,1990,HSV (clinical isolation),seq_no,Bovine Serum in Cell Cultures Used To Isolate Herpes Simplex,,pdf:17978;meta:1581,high,title=Comparison of a serum replacement (Omni Serum) and fetal bovine serum in cell cultures use
VI235,2021,Zika virus (mosquito suspension isolation),seq_no,provisional_id=ADV004. Primary isolation from mosquito suspension; growth 10% FBS (+TPB); post maintained 5% F,,meta:311,low,seq_no_on_limited_text
VI236,2024,Yellow fever virus (mosquito pool isolation),seq_no,No sequencing/GenBank/genome characterization found in available text,,meta:193,low,seq_no_on_limited_text
VI237,2023,West Nile virus,seq_unclear,"2023 2/3 WNV isolation from PCR positive clinical samples: 1 Cell lines: Vero or Vero E6, that are suitable for West Nile virus. Cell culture should be grown in T25 or T75 cell culture flasks. - Cell cultur",,pdf:4745;meta:245,medium,PCR_without_clear_sequence
VI239,2022,Influenza A H3N2 (clinical isolation),seq_no,provisional_id=ADV008. Clinical sample isolation/propagation: after inoculation medium WITHOUT FBS + trypsin + BSA.,,meta:286,low,seq_no_on_limited_text
VI240,1981,ophthalmic viruses (HSV etc. primary isolation),seq_no,for the primary isolation of ophthalmic viruses,,pdf:15467;meta:1077,high,"title=A comparison of the efficiency of human embryo intestine, Hep 2 cells, and human embryo ki"
VI241,1981,ophthalmic viruses primary isolation,seq_no,for the primary isolation of ophthalmic viruses,,pdf:15467;meta:1115,high,"title=A comparison of the efficiency of human embryo intestine, Hep 2 cells, and human embryo ki"
VI242,1981,ophthalmic viruses primary isolation,seq_no,for the primary isolation of ophthalmic viruses,,pdf:15467;meta:1055,high,"title=A comparison of the efficiency of human embryo intestine, Hep 2 cells, and human embryo ki"
VI243,1962,bovine enteroviruses (dairy herd isolation),seq_no,ADV015. Growth 5% bovine serum (adult/non-fetal); isolation-tube maintenance: no serum. Serum type noted in notes.,,meta:322,low,seq_no_on_limited_text
VI244,1988,CMV (shell vial / clinical isolates),seq_no,han conventional immunofluorescent microscopy and cell culture for CMV cytopathological effect (CPE). Ten bronchoalveolar lavages as,,meta:1431,low,seq_no_on_limited_text; title=Detection of an early cytomegalovirus antigen with two-color quantitative flow cytometry.
VI245,2012,Influenza; hMPV; PIV-4,seq_no,tt methods chapter: serum-free MDCK for influenza isolation; Vero E6 SF for hMPV/PIV-4. Equal 0→0 hold.,,meta:334,low,seq_no_on_limited_text
VI246,2015,FMDV (clinical samples; experimental infection animals),seq_no,l line LFBK-αvβ6 for Foot-and-mouth disease virus isolation.,,meta:1850,low,seq_no_on_limited_text; title=Comparative performance of fetal goat tongue cell line ZZ-R 127 and fetal porcine kidney c
VI247,2021,SARS-CoV-2,seq_yes,"he PCR clean-up column, the amplification product can be subjected to Sanger sequencing. For complete genome sequencing, we recommend to follow the method of Kubik et al. 40 d. Antiviral activity Note: We do not describe the assessment of toxicity of the compounds since it is not the ma",,epmc_ft:32883;meta:1312,high,title=Clinical severe acute respiratory syndrome coronavirus 2 isolation and antiviral testing.
VI248,2024,SARS-CoV-2,seq_yes,"or Medical and Biological Research Involving Human Subjects in Japan. Next-generation sequencing of the SARS-CoV-2 genome Whole genome sequences of SARS-CoV-2 isolates were obtained using a modified protocol based on The Wellcome Trust ARTIC Network protocol 16 ; however, several primers replace",MN908947.3;EPI_ISL_16174836;EPI_ISL_16913176;EPI_ISL_16174838;EPI_ISL_19167730;EPI_ISL_16913177;EPI_ISL_16174845;EPI_ISL_19167747,epmc_ft:57577;meta:382,high,title=Improved efficacy of SARS-CoV-2 isolation from COVID-19 clinical specimens using VeroE6 ce
VI249,2013,Influenza A (exhibition swine),seq_no,Comparative isolation techniques for contemporary IAV in exhibition swine. Cells grown MEM+,,meta:452,low,seq_no_on_limited_text; title=Comparative effectiveness of isolation techniques for contemporary Influenza A virus strai
VI250,2020,Influenza (clinical; vaccine seed isolation),seq_no,"MDCK/LLC-MK2 isolation comparison for influenza vaccine seeds; sequence/phylogeny language is bibliographic, not methods on their isolates",,epmc_ft:29062;meta:2401,high,"references-section FP avoided; title=Comparison of suspension MDCK cells, adherent MDCK cells, and LLC-MK2 cells for selective "
VI251,2004,RSV (nasopharyngeal aspirates),seq_no,Fiocruz/Brazil clinical RSV isolation from stored NPA. PT/ES regional OA. Growth 10% FBS; post-adsorption M,,meta:372,low,seq_no_on_limited_text
VI252,1991,human paramyxoviruses (PIV/mumps) primary isolation,seq_no,pers NCI-H292 as an alternative cell line for the isolation and propagation of the human paramyxoviruses Castells Empar 1 George,,epmc_ft:10254;meta:1882,high,title=NCI-H292 as an alternative cell line for the isolation and propagation of the human paramy
VI253,2007,hMPV (clinical isolation),seq_yes,"and April in 2004 and throughout most of the year in 2005. Phylogenetic analysis indicated that subgenogroup B2 was predominant in 2004, whereas three subgenogroups, A2, B1, and B2, had cocirculated in 2005. Although multiple subgenogroups cocirculated in 2005",AB251496;AB251574,pdf:42889;meta:2102,high,title=Outbreak of human metapneumovirus detected by use of the Vero E6 cell line in isolates col
VI254,2019,respiratory viruses (HEF microplate),seq_yes,"ous Diseases Combining Virus Isolation, Antigenic Analysis, and Phylogenetic Analysis as Well as Seroepidemiology in Yamagata, Japan, between 1999 and 2018 Katsumi Mizuta*, Waka Tanaka, Kenichi Komabayashi, Shizuka Tanaka, Junji Seto,",,pdf:96380;meta:1825,high,"title=Longitudinal Epidemiology of Viral Infectious Diseases Combining Virus Isolation, Antigeni"
VI255,2019,respiratory viruses (HEp-2 microplate),seq_yes,"ous Diseases Combining Virus Isolation, Antigenic Analysis, and Phylogenetic Analysis as Well as Seroepidemiology in Yamagata, Japan, between 1999 and 2018 Katsumi Mizuta*, Waka Tanaka, Kenichi Komabayashi, Shizuka Tanaka, Junji Seto,",,pdf:96380;meta:1827,high,"title=Longitudinal Epidemiology of Viral Infectious Diseases Combining Virus Isolation, Antigeni"
VI256,2019,influenza / respiratory (MDCK microplate),seq_yes,"ous Diseases Combining Virus Isolation, Antigenic Analysis, and Phylogenetic Analysis as Well as Seroepidemiology in Yamagata, Japan, between 1999 and 2018 Katsumi Mizuta*, Waka Tanaka, Kenichi Komabayashi, Shizuka Tanaka, Junji Seto,",,pdf:96380;meta:1837,high,"title=Longitudinal Epidemiology of Viral Infectious Diseases Combining Virus Isolation, Antigeni"
VI257,2019,enteroviruses (GMK microplate),seq_yes,"ous Diseases Combining Virus Isolation, Antigenic Analysis, and Phylogenetic Analysis as Well as Seroepidemiology in Yamagata, Japan, between 1999 and 2018 Katsumi Mizuta*, Waka Tanaka, Kenichi Komabayashi, Shizuka Tanaka, Junji Seto,",,pdf:96380;meta:1783,high,"title=Longitudinal Epidemiology of Viral Infectious Diseases Combining Virus Isolation, Antigeni"
VI258,2019,parechovirus / PeV isolation (no trypsin MM),seq_yes,"ous Diseases Combining Virus Isolation, Antigenic Analysis, and Phylogenetic Analysis as Well as Seroepidemiology in Yamagata, Japan, between 1999 and 2018 Katsumi Mizuta*, Waka Tanaka, Kenichi Komabayashi, Shizuka Tanaka, Junji Seto,",,pdf:96380;meta:1829,high,"title=Longitudinal Epidemiology of Viral Infectious Diseases Combining Virus Isolation, Antigeni"
VI259,2019,parainfluenza isolation (trypsin MM),seq_yes,"ous Diseases Combining Virus Isolation, Antigenic Analysis, and Phylogenetic Analysis as Well as Seroepidemiology in Yamagata, Japan, between 1999 and 2018 Katsumi Mizuta*, Waka Tanaka, Kenichi Komabayashi, Shizuka Tanaka, Junji Seto,",,pdf:96380;meta:242,high,"title=Longitudinal Epidemiology of Viral Infectious Diseases Combining Virus Isolation, Antigeni"
VI260,2019,EV-D68 / CV-A6 isolation,seq_yes,"ous Diseases Combining Virus Isolation, Antigenic Analysis, and Phylogenetic Analysis as Well as Seroepidemiology in Yamagata, Japan, between 1999 and 2018 Katsumi Mizuta*, Waka Tanaka, Kenichi Komabayashi, Shizuka Tanaka, Junji Seto,",,pdf:96380;meta:1803,high,"title=Longitudinal Epidemiology of Viral Infectious Diseases Combining Virus Isolation, Antigeni"
VI261,2019,Saffold virus isolation,seq_yes,"ous Diseases Combining Virus Isolation, Antigenic Analysis, and Phylogenetic Analysis as Well as Seroepidemiology in Yamagata, Japan, between 1999 and 2018 Katsumi Mizuta*, Waka Tanaka, Kenichi Komabayashi, Shizuka Tanaka, Junji Seto,",,pdf:96380;meta:186,high,
VI262,2008,respiratory viruses (HEF microplate 2004-2005),seq_yes,"when viruses could not be identified using these methods, we also used an RT-PCR method and sequencing analyses",,pdf:50794;meta:1740,high,soft bar: sequencing used for ID of culture isolates; title=Analysis of monthly isolation of respiratory viruses from children by cell culture using a
VI263,2008,respiratory viruses (RD-18S microplate),seq_yes,"when viruses could not be identified using these methods, we also used an RT-PCR method and sequencing analyses",,pdf:50794;meta:1692,high,same paper as VI262 (RD-18S microplate arm); soft bar; title=Analysis of monthly isolation of respiratory viruses from children by cell culture using a
VI264,2015,SFTSV (tick homogenate isolation),seq_no,SFTSV tick survey: real-time RT-PCR + virus isolation; no sequencing of culture product claimed,,epmc_ft:20529;meta:1558,high,PCR detection ≠ sequence; title=Epidemiological Survey of Severe Fever with Thrombocytopenia Syndrome Virus in Ticks in Na
VI265,2022,PPRV (clinical tissues/swabs),seq_no,PPRV isolation Saurashtra Gujarat. Vero growth DMEM+10% FBS; maintained/inoculated w,,meta:509,low,seq_no_on_limited_text
VI266,2023,HRSV (clinical PCR-positive),seq_yes,The genetic analysis revealed that the manners of isolation ... did not influence the nucleotide and amino acid structures of obtained HRSVs,,meta:2072,medium,abstract: genetic analysis of isolates; soft bar; title=Virological and genetic characteristics of human respiratory syncytial viruses isolated in
VI267,2016,HPIV-1 and HPIV-3 (clinical),seq_no,"Efficient isolation of human parainfluenza viruses 1 and 3 using MNT-1, a human malignant",,meta:1197,low,"seq_no_on_limited_text; title=Efficient isolation of human parainfluenza viruses 1 and 3 using MNT-1, a human malignant "
VI268,2019,FMDV (clinical outbreak isolation),seq_yes,"let. Comparison of amino acid sequences of O/JPN/2000 and O/JPN/2010. Genome sequences of O/JPN/2000 and O/JPN/2010 were aligned, and the predicted amino acid sequences in each viral protein were compared. Among the 12 proteins which compose the open-reading frame of FMDV, only VP4 sh",LC036265;AB079061,epmc_ft:49166;meta:3102,high,title=Genetic Determinants of Virulence between Two Foot-and-Mouth Disease Virus Isolates Which 
VI269,2020,FMDV (experimental/clinical sample isolation),seq_yes,"er-coding region and 351 nucleotides without it) were obtained, their nucleotide sequences were determined and aligned ( Figure 1 ). Figure 1 Sequencing of FMDV-positive samples. ( a ) Agarose gel image. ( b ) Excerpt from nucleotide sequence alignment. “PC”: positive control, “WT”: wild-type, “-“ deleted",,epmc_ft:28251;meta:2216,high,title=Foot-and-Mouth Disease Virus Lacking the Leader Protein and Containing Two Negative DIVA M
VI270,1995,Lymphocystivirus (Iridoviridae),seq_no,No sequencing/GenBank/genome characterization found in available text,,meta:401,low,seq_no_on_limited_text
VI271,n.d.,measles (clinical isolation),seq_no,ine practice. | lang=en; thread=CDC / WHO measles isolation,,meta:343,low,seq_no_on_limited_text
VI272,2026,Ranavirus micropterus1 (McRV),seq_yes,"pression of host genes linked to cellular stress and immune function. Phylogenetic analysis placed McRV in a distinct clade of wrasse ranaviruses, clustering with a virus previously identified on the GBR. Discussion This study provides the first evidence of Ranavirus micropterus1 disease in",AE000024;PX883867;ON595973,epmc_ft:56333;meta:2102,high,title=A new lineage of &lt;i&gt;Ranavirus micropterus1&lt;/i&gt; infects ornamental wrasses (&lt
VI273,2026,Betanodavirus / NNV (gonad diagnostics),seq_no,No sequencing/GenBank/genome characterization found in available text,,meta:433,low,seq_no_on_limited_text
VI274,2021,IBDV (LC-75 Vero adaptation),seq_yes,us passage was determined according to the Spearman Karber method. 16 Molecular Characterization of IBD Virus Adapted in Vero Cell The identity of the IBD virus vaccine strain adapted in Vero cell was checked by amplification of the viral hypervariable core protein (VP2) gene of the IBD virus us,MK798159;MK798160;MK798161,epmc_ft:37947;meta:2649,high,title=Immunogenicity and Efficacy Evaluation of Vero Cell-Adapted Infectious Bursal Disease Viru
VI275,2025,PPRV (in vitro isolation from domestic/wild ruminants),seq_yes,"A.Abdelaziz S., Enan K.A., Ahmed S.K., Hussien M.O. Epidemiology and molecular characterization of re-emerged virulent strains of Peste des Petits Ruminants virus among sheep in Kassala State, Eastern Sudan. Ir. Vet. J. 2021;74:23. doi: 10.1186/s13620-021-00202-5. 33. Kock R.A., Orynbayev M.B.,",,epmc_ft:79975;meta:2110,high,soft_bar_characterization_language; title=Susceptibility and Transmission Dynamics of Peste des Petits Ruminants Virus in Domestic a
VI276,2024,Mammalian orthoreovirus (bat MRV2),seq_yes,"ASM) PMC10913406 10913406 10913406 38289932 10.1128/spectrum.01762-23 Genetic characterization and pathogenicity in a mouse model of newly isolated bat-originated mammalian orthoreovirus in South Korea Do Hai Quynh Conceptualization, Data curation, Formal analysis, Investigation, Methodology,",LC613209.1;MW718862.1;KT444533.1;LC752174.1;KT444524.1;GU196308;KT444545.1;LC613222.1,epmc_ft:62809;meta:2766,high,title=Genetic characterization and pathogenicity in a mouse model of newly isolated bat-originat
VI277,2024,Duck enteritis virus (DEV field outbreak),seq_yes,"escribed in our previous study (Panickan et al. 2021 ) along with the whole genome sequence analysis (NCBI GenBank no. MZ824102 ) (Dandapat et al. 2022 ). 2.3. Adaptation and serial propagation of DEV in CEF cell culture Preceding the adaption of DEV/India/IVRI-2016 in CEF cell culture, the",MZ911871;MZ824102;NC_013036,epmc_ft:53882;meta:2205,high,title=Development and evaluation of a chicken embryo fibroblast cell culture based live attenuat
VI278,2024,Fowl adenovirus 8a (FAdV-8a),seq_yes,A.M. Al-Ali A.M. Alramadan M. Lebdah M.A. Ibrahim A.M. Al-Ankari A.S. Molecular characterization of fowl aviadenoviruses species D and E associated with inclusion body hepatitis in chickens and falcons indicates possible cross-species transmission Avian Pathol. 47 2018 384 390 29587493 10.1080/0,,epmc_ft:33833;meta:1463,high,title=Preparation and evaluation of the immune efficacy of an inactivated fowl adenovirus 8a ser
VI279,2026,Getah virus (GETV) from diseased piglets,seq_yes,m the brain tissue of piglets exhibiting neurological manifestations. Whole-genome sequencing of plaque-purified viruses directly from brain tissue homogenates at passage 0 (P0) revealed the co-existence of two genetically distinct GETV lineages: a wild-type (WT) strain and a naturally occurr,PP537546;PX955278,epmc_ft:77999;meta:2211,high,title=A conserved E1 stem motif functions as a virulence switch in the emerging Getah virus.
VI280,2026,PEDV (intestinal tissue isolation),seq_yes,"s, with substantial positivity observed in both anal and nasal swabs. Phylogenetic analysis based on the full‐length S gene revealed that circulating strains clustered into multiple subgroups, including GIa, GIIa, GIIb, and GIIc, with GIIc being predominant, indicating pronounced genetic di",KC210145;JX188454,epmc_ft:61580;meta:2504,high,"title=Genetic Diversity, Recombination, and Pathogenicity of Porcine Epidemic Diarrhea Virus Str"
VI281,2026,Hepatitis E virus (retail pork pate),seq_unclear,"action method, in conjunction with direct (e.g., in vitro assays) and/or indirect (e.g., capsid and genome integrity assays) infectivity detection techniques [ 12 ], can improve the relevance of results by better assessing the presence of intact, infectious HEV particles in food samples. Extraction of intact HEV particles from pork liver has been done by others for use in various cel",,epmc_ft:42619;meta:2005,medium,title=Detection of Infectious Hepatitis E Virus in Retail Pork Pâté After Optimization of Extrac
VI282,2016,Ebola virus outbreak variants (Mayinga/Kikwit/Makona),seq_unclear,"rom Mayinga and Makona against 70% EtOH, 0.5% and 1% NaOCl was measured in cycle threshold (Ct) and genome equivalents (GE)/mL. For comparison purposes, only the time points which vRNA was recovered without the presence of infectious virus particles is described versus the untreated virus controls (0 min). These controls demonstrated an average Ct of 11 (+/−1) and 11 (+/−2), and an a",,epmc_ft:40116;meta:1927,medium,title=The Disinfection Characteristics of Ebola Virus Outbreak Variants.
VI283,2024,PRRSV-2 (Marc-145 culture after inoculation),seq_no,"PRRSV rifampicin inhibition in Marc-145; qRT-PCR quantification only, no sequencing",,epmc_ft:35455;meta:1747,high,title=Inhibition of porcine reproductive and respiratory syndrome virus replication by rifampici
VI284,2025,Negevirus (mosquito isolation),seq_yes,"nd colleagues in 1975 from Aedes aegypti cell lines. With advances in high-throughput sequencing and the implementation of mosquito virome surveys, an increasing number of ISVs have since been discovered. ISVs are widely distributed across diverse viral taxonomic groups, such as Flaviviridae [ 2",PP908777;PQ493505,epmc_ft:35516;meta:2044,high,title=Characterization of two novel Negevirus strains and analysis of global Negevirus distribut
VI285,2026,SARS-CoV-2 (feline primary isolation),seq_yes,"this fragment is insufficient for accurate variant identification or phylogenetic analysis. Therefore, lineage classification (e.g., Omicron sublineages) was not performed. Future studies using whole-genome sequencing would provide more detailed epidemiological insights. SARS-CoV-2-positiv",,epmc_ft:60647;meta:342,high,"title=Prevalence, Clinical Signs, Diagnosis and Treatment of Post-Pandemic SARS-CoV-2 Infection "
VI286,2025,Feline parvovirus (FPV) from anal swab,seq_unclear,"calculated using the Reed-Muench formula, and a growth curve was plotted. 2.4. Extracting the viral genome The Feline Parvovirus (FPV) dye-based quantitative fluorescence PCR kit (Brand: Beijing Tianenze Gene Technology Co., Ltd., CAT#: 14-21400, V1.0) includes Fluorescent PCR-specific Template Diluent (Code: 180701), PCR Primer Mixture (14-21400yw), Positive Control (14-21400pc, 1 ×",,epmc_ft:62288;meta:2107,medium,title=The role of glycerophospholipid metabolism in feline parvovirus infected CRFK cells.
VI287,2022,SARS-CoV-2 (clinical swab isolation Alpha),seq_yes,"nical data was self-reported by the research participants. SARS-CoV-2 genome sequencing Automated nucleic acid extraction was performed as described previously ( 20 , 21 ) using the chemagic 360 (PerkinElmer) following the manufacturer’s protocol. Whole genome sequencing and analysis we",EPI_ISL_825013,epmc_ft:55560;meta:1961,high,title=Adaptive immune responses in vaccinated patients with symptomatic SARS-CoV-2 Alpha infecti
VI288,2020,Cyprinid herpesvirus-2 (CyHV-2),seq_yes,"age of positive green fluorescent protein (GFP) cells was calculated. Molecular characterization of the cell line DNA isolation was carried out by salting out method following Miller, Dykes & Polesky (1988) . The DNA was extracted from FtGF cells at 40th passage and muscle tissue of goldfish. PC",KX145542;KX145499;AJ247070;KY231826;KM200722;JQ815364;KU527548;KU527549,epmc_ft:57738;meta:2914,high,"title=Establishment and characterization of fantail goldfish fin (FtGF) cell line from goldfish,"
VI289,2026,Japanese encephalitis virus (JEV) culture,seq_yes,"serotype, but can be classified into five genotypes according to the full-length genome sequence of the E gene, namely, genotypes I, II, III, IV, and V (GI, GII, GIII, GIV, and GV, respectively) [ 7 ]. Historically, GIII was the predominant lineage and served as the foundation for most currently",AY316157;AY585242;EF571853,epmc_ft:45859;meta:1749,high,title=Development of Cell Culture-Derived Hemagglutination Antigens for Japanese Encephalitis Vi
VI290,2024,Influenza A (tissue homogenate MDCK isolation),seq_yes,min. The amplicons of lungs of both KO and WT pigs were submitted for Sanger sequencing. Porcine bronchial epithelial cell (PBEC) isolation and culture The trachea and lungs from four TMPRSS2 KO and three WT littermates were collected after humane euthanasia. The trachea was filled with,MN371610;MN371617;CY095672;CY095679,epmc_ft:51341;meta:1825,high,title=Gene editing of pigs to control influenza A virus infections.
VI291,2024,Orthohantavirus (genetic variants isolation),seq_yes,ogy Molecular biology techniques Sequencing techniques DNA sequencing Next-Generation Sequencing Research and analysis methods Molecular biology techniques Sequencing techniques DNA sequencing Next-Generation Sequencing Biology and Life Sciences Computational Biology Genome Analysis Transcriptom,MN985832;MN985834;OL961327;OL961345;OL961364;OL961328;OL961346;OL961365,epmc_ft:53485;meta:2613,high,title=Isolation and characterization of genetic variants of Orthohantavirus hantanense from clin
VI292,2023,SARS-CoV-2 (clinical isolates; Caco-2/HuH-6 systems),seq_yes,"the same cell line in which the virus was propagated) ( Figure 5 A). Whole genome sequencing at the end of five passages showed that the virus grown in Caco-2/AT cells was genetically identical to the parental virus ( Figure 5 B). In contrast, the virus propagated in Vero E6 and Vero E6/AT c",MN985325,epmc_ft:68940;meta:1686,high,title=Cell culture systems for isolation of SARS-CoV-2 clinical isolates and generation of recom
VI293,2024,Rabies virus (Vero-adapted Flury HEP),seq_yes,"re adaptation of our HEP-Flury (HEP) to Vero cells, we determined the complete genome sequence of the HEP strain used in our laboratory and compared that sequence to those reported for other HEP-Flury strains (Supplemental Table S1 ). The genome of our strain was most similar to that previous",AB085828;LC717412;LC785440;LC785441;LC785439,epmc_ft:75156;meta:1924,high,title=Construction of Vero cell-adapted rabies vaccine strain by five amino acid substitutions i
